coreid,ac:accessURI,idigbio:dateModified,idigbio:dataQualityScore,idigbio:etag,idigbio:flags,dcterms:format,idigbio:hasSpecimen,ac:licenseLogoURL,idigbio:mediaType,dcterms:modified,idigbio:recordIds,idigbio:records,idigbio:recordsets,dcterms:rights,ac:tag,dc:type,idigbio:uuid,idigbio:version,xmpRights:WebStatement,exif:PixelXDimension,exif:PixelYDimension
b027009f-30f1-48ae-a323-93a062263773,,2015-11-21T21:07:35.672065+00:00,-0.09090909090909091,4aa7607a353bb4e09ed97d67b44c5189a5d08ba2,"[""dwc_basisofrecord_invalid""]",,true,,,,"[""da67ebd9-52de-444d-b114-e23c03111ac6\\media\\http://macaulaylibrary.org/video/436095""]","[""b027009f-30f1-48ae-a323-93a062263773""]",da67ebd9-52de-444d-b114-e23c03111ac6,,,,92ad35b6-5881-474b-8c16-6e4671ce0203,,,,
9a8b0d36-2e2c-4b6a-a830-e11ed83e76b9,,2015-11-21T21:07:35.672065+00:00,-0.09090909090909091,b2576749489158a4ea818bf74b1fb1fe1c786f1a,"[""dwc_basisofrecord_invalid""]",,true,,,,"[""da67ebd9-52de-444d-b114-e23c03111ac6\\media\\http://macaulaylibrary.org/video/472423""]","[""9a8b0d36-2e2c-4b6a-a830-e11ed83e76b9""]",da67ebd9-52de-444d-b114-e23c03111ac6,,,,d0283ebc-5c21-4c96-bb9f-11fced5f7244,,,,
13c67368-79d7-43e1-a871-0e421eb90225,https://cdn.floridamuseum.ufl.edu/Herp/6b3e8efb-06c8-4fbc-97b9-225036a2cc84,2020-07-24T21:06:36.047653+00:00,0.5454545454545454,d5a3eef933e05ab002d09b0b1367d0c45e5d2b97,"[""dwc_basisofrecord_invalid""]",image/jpeg,true,https://i.creativecommons.org/l/by-nc/4.0/88x31.png,images,,"[""bd7cfd55-bf55-46fc-878d-e6e11f574ccd\\media\\6b3e8efb-06c8-4fbc-97b9-225036a2cc84""]","[""13c67368-79d7-43e1-a871-0e421eb90225""]",bd7cfd55-bf55-46fc-878d-e6e11f574ccd,BY-NC,,image,0a2cc573-e455-4c4b-8eed-c82a7cce9209,,http://creativecommons.org/licenses/by-nc/4.0/,,
2343a7fe-542d-4353-8abe-38480a84d05c,https://cdn.floridamuseum.ufl.edu/Herp/ffc1fe46-b49b-4187-a779-ba972703c428,2020-07-24T21:06:36.047653+00:00,0.5454545454545454,c06c280a1404f771190ce5045c0e46678a459d4d,"[""dwc_basisofrecord_invalid""]",image/jpeg,true,https://i.creativecommons.org/l/by-nc/4.0/88x31.png,images,,"[""bd7cfd55-bf55-46fc-878d-e6e11f574ccd\\media\\ffc1fe46-b49b-4187-a779-ba972703c428""]","[""2343a7fe-542d-4353-8abe-38480a84d05c""]",bd7cfd55-bf55-46fc-878d-e6e11f574ccd,BY-NC,,image,95b9ffb3-7a69-40d2-8c82-5bd4728e276b,,http://creativecommons.org/licenses/by-nc/4.0/,,
2343a7fe-542d-4353-8abe-38480a84d05c,https://cdn.floridamuseum.ufl.edu/Herp/40f0d3da-3716-4a1c-92f3-ec6534f9677b,2020-07-24T21:06:36.047653+00:00,0.5454545454545454,e78ce54589e6f37ef669a1104703a24b4f4680fb,"[""dwc_basisofrecord_invalid""]",image/jpeg,true,https://i.creativecommons.org/l/by-nc/4.0/88x31.png,images,,"[""bd7cfd55-bf55-46fc-878d-e6e11f574ccd\\media\\40f0d3da-3716-4a1c-92f3-ec6534f9677b""]","[""2343a7fe-542d-4353-8abe-38480a84d05c""]",bd7cfd55-bf55-46fc-878d-e6e11f574ccd,BY-NC,,image,cbae2bb5-1a97-444f-9299-831d320d3555,,http://creativecommons.org/licenses/by-nc/4.0/,,
e57ba777-ef17-47e1-bb2d-537724ef514b,https://cdn.floridamuseum.ufl.edu/Herp/c64ab680-f014-4699-9dcd-652d850a8626,2020-07-24T21:06:36.047653+00:00,0.5454545454545454,fd62e9e013c3d91ff380549cf4446ac18d8a6faa,"[""dwc_basisofrecord_invalid""]",image/jpeg,true,https://i.creativecommons.org/l/by-nc/4.0/88x31.png,images,,"[""bd7cfd55-bf55-46fc-878d-e6e11f574ccd\\media\\c64ab680-f014-4699-9dcd-652d850a8626""]","[""e57ba777-ef17-47e1-bb2d-537724ef514b""]",bd7cfd55-bf55-46fc-878d-e6e11f574ccd,BY-NC,,image,b15a4405-89c2-495c-af74-bca95bc73bd7,,http://creativecommons.org/licenses/by-nc/4.0/,,
27e230b5-5c53-43b4-a255-4c3bed667013,https://cdn.floridamuseum.ufl.edu/Herp/deaca1cb-7002-4f44-9da0-d55d58c94f2f,2020-10-14T13:20:15.501697+00:00,0.5454545454545454,41deb553d98263e57c72c707709080e064292ac4,"[""dwc_basisofrecord_invalid""]",image/jpeg,true,https://i.creativecommons.org/l/by-nc/4.0/88x31.png,images,,"[""bd7cfd55-bf55-46fc-878d-e6e11f574ccd\\media\\deaca1cb-7002-4f44-9da0-d55d58c94f2f""]","[""27e230b5-5c53-43b4-a255-4c3bed667013""]",bd7cfd55-bf55-46fc-878d-e6e11f574ccd,BY-NC,,image,531e6651-0af9-4972-af63-e2cd9667b657,,http://creativecommons.org/licenses/by-nc/4.0/,,
27e230b5-5c53-43b4-a255-4c3bed667013,https://cdn.floridamuseum.ufl.edu/Herp/fddb5495-a451-4f56-a72d-1d76111d67ae,2020-10-14T13:20:15.501697+00:00,0.5454545454545454,4ec6185904159f83fb2798e2404e3cca0e887405,"[""dwc_basisofrecord_invalid""]",image/jpeg,true,https://i.creativecommons.org/l/by-nc/4.0/88x31.png,images,,"[""bd7cfd55-bf55-46fc-878d-e6e11f574ccd\\media\\fddb5495-a451-4f56-a72d-1d76111d67ae""]","[""27e230b5-5c53-43b4-a255-4c3bed667013""]",bd7cfd55-bf55-46fc-878d-e6e11f574ccd,BY-NC,,image,2e1c5ab6-097d-4dcf-9c63-b1dbd572a3db,,http://creativecommons.org/licenses/by-nc/4.0/,,
27e230b5-5c53-43b4-a255-4c3bed667013,https://cdn.floridamuseum.ufl.edu/Herp/937b4294-73b0-46b8-9d86-0411558d2be6,2020-10-14T13:20:15.501697+00:00,0.5454545454545454,fb4a01498342d0cec565c205298dd93e80a6eb1a,"[""dwc_basisofrecord_invalid""]",image/jpeg,true,https://i.creativecommons.org/l/by-nc/4.0/88x31.png,images,,"[""bd7cfd55-bf55-46fc-878d-e6e11f574ccd\\media\\937b4294-73b0-46b8-9d86-0411558d2be6""]","[""27e230b5-5c53-43b4-a255-4c3bed667013""]",bd7cfd55-bf55-46fc-878d-e6e11f574ccd,BY-NC,,image,43043071-a3cd-4d3f-99d9-2a053ff30b05,,http://creativecommons.org/licenses/by-nc/4.0/,,
27e230b5-5c53-43b4-a255-4c3bed667013,https://cdn.floridamuseum.ufl.edu/Herp/934ddbc5-dee0-415f-8ae9-50636ee1134e,2020-10-14T13:20:15.501697+00:00,0.5454545454545454,8d444b05962de61b915ae20e8bcda085d87d82d1,"[""dwc_basisofrecord_invalid""]",image/jpeg,true,https://i.creativecommons.org/l/by-nc/4.0/88x31.png,images,,"[""bd7cfd55-bf55-46fc-878d-e6e11f574ccd\\media\\934ddbc5-dee0-415f-8ae9-50636ee1134e""]","[""27e230b5-5c53-43b4-a255-4c3bed667013""]",bd7cfd55-bf55-46fc-878d-e6e11f574ccd,BY-NC,,image,e46befea-9f90-4738-9be6-8e70a86f735e,,http://creativecommons.org/licenses/by-nc/4.0/,,
27e230b5-5c53-43b4-a255-4c3bed667013,https://cdn.floridamuseum.ufl.edu/Herp/ba4aa7a9-0791-4e18-84ff-0a6ce6afe94e,2020-10-14T13:20:15.501697+00:00,0.5454545454545454,fe8b66f62d00c3b5709dd75e15dc5771bd2681c0,"[""dwc_basisofrecord_invalid""]",image/jpeg,true,https://i.creativecommons.org/l/by-nc/4.0/88x31.png,images,,"[""bd7cfd55-bf55-46fc-878d-e6e11f574ccd\\media\\ba4aa7a9-0791-4e18-84ff-0a6ce6afe94e""]","[""27e230b5-5c53-43b4-a255-4c3bed667013""]",bd7cfd55-bf55-46fc-878d-e6e11f574ccd,BY-NC,,image,43d468d8-301b-41ea-9821-27ab6e3b6964,,http://creativecommons.org/licenses/by-nc/4.0/,,
27e230b5-5c53-43b4-a255-4c3bed667013,https://cdn.floridamuseum.ufl.edu/Herp/5b46cc14-dd20-47d2-8736-fdde7e892c51,2020-10-14T13:20:15.501697+00:00,0.5454545454545454,cc8862965aa68d7a5fabba432ad8aba245272009,"[""dwc_basisofrecord_invalid""]",image/jpeg,true,https://i.creativecommons.org/l/by-nc/4.0/88x31.png,images,,"[""bd7cfd55-bf55-46fc-878d-e6e11f574ccd\\media\\5b46cc14-dd20-47d2-8736-fdde7e892c51""]","[""27e230b5-5c53-43b4-a255-4c3bed667013""]",bd7cfd55-bf55-46fc-878d-e6e11f574ccd,BY-NC,,image,b1545f87-56b2-4e34-8849-027b3549e476,,http://creativecommons.org/licenses/by-nc/4.0/,,
27e230b5-5c53-43b4-a255-4c3bed667013,https://cdn.floridamuseum.ufl.edu/Herp/8e002753-fe40-4177-a8df-04c90b76bd76,2020-10-14T13:20:15.501697+00:00,0.5454545454545454,041436c4a871816dcc6ea58fc9b653aff3dc461f,"[""dwc_basisofrecord_invalid""]",image/jpeg,true,https://i.creativecommons.org/l/by-nc/4.0/88x31.png,images,,"[""bd7cfd55-bf55-46fc-878d-e6e11f574ccd\\media\\8e002753-fe40-4177-a8df-04c90b76bd76""]","[""27e230b5-5c53-43b4-a255-4c3bed667013""]",bd7cfd55-bf55-46fc-878d-e6e11f574ccd,BY-NC,,image,d1e80534-f32c-4d08-8bed-d829f8a913ac,,http://creativecommons.org/licenses/by-nc/4.0/,,
279c03dd-da1b-46ec-9757-cc5f0640022e,https://cdn.floridamuseum.ufl.edu/Herp/d77c5815-c0c1-48f7-b6b0-c388fb6c7fda,2020-10-14T13:20:15.501697+00:00,0.5454545454545454,84adaf122fd5e2bd76f5eec25aceaa990395f2a1,"[""dwc_basisofrecord_invalid""]",image/jpeg,true,https://i.creativecommons.org/l/by-nc/4.0/88x31.png,images,,"[""bd7cfd55-bf55-46fc-878d-e6e11f574ccd\\media\\d77c5815-c0c1-48f7-b6b0-c388fb6c7fda""]","[""279c03dd-da1b-46ec-9757-cc5f0640022e""]",bd7cfd55-bf55-46fc-878d-e6e11f574ccd,BY-NC,,image,6f6e3710-7d6e-4cb3-9a98-dab5b0eca404,,http://creativecommons.org/licenses/by-nc/4.0/,,
279c03dd-da1b-46ec-9757-cc5f0640022e,https://cdn.floridamuseum.ufl.edu/Herp/d0934fe1-5ecd-42ef-8c1e-5bc07efc31ad,2020-10-14T13:20:15.501697+00:00,0.5454545454545454,606c68eadd6a93824faa7f0e70218b100d0761a0,"[""dwc_basisofrecord_invalid""]",image/jpeg,true,https://i.creativecommons.org/l/by-nc/4.0/88x31.png,images,,"[""bd7cfd55-bf55-46fc-878d-e6e11f574ccd\\media\\d0934fe1-5ecd-42ef-8c1e-5bc07efc31ad""]","[""279c03dd-da1b-46ec-9757-cc5f0640022e""]",bd7cfd55-bf55-46fc-878d-e6e11f574ccd,BY-NC,,image,6905eac5-7ebe-4cc1-86dc-a02efe0cb633,,http://creativecommons.org/licenses/by-nc/4.0/,,
f7a447e2-31d1-45c6-9899-c9756dbf9857,https://cdn.floridamuseum.ufl.edu/Herp/b408d4f4-bef7-4f18-851f-7aa0ee289412,2020-10-14T13:20:15.501697+00:00,0.5454545454545454,125c842055c11d2f617d6f5dc63b61ad46083fb5,"[""dwc_basisofrecord_invalid""]",image/jpeg,true,https://i.creativecommons.org/l/by-nc/4.0/88x31.png,images,,"[""bd7cfd55-bf55-46fc-878d-e6e11f574ccd\\media\\b408d4f4-bef7-4f18-851f-7aa0ee289412""]","[""f7a447e2-31d1-45c6-9899-c9756dbf9857""]",bd7cfd55-bf55-46fc-878d-e6e11f574ccd,BY-NC,,image,54c8b691-71e4-40ef-813d-ff4d0a02dc81,,http://creativecommons.org/licenses/by-nc/4.0/,,
279c03dd-da1b-46ec-9757-cc5f0640022e,https://cdn.floridamuseum.ufl.edu/Herp/e9ae7b91-6bf6-4ace-9f35-656369489d23,2020-10-14T13:20:15.501697+00:00,0.5454545454545454,ac098d48279492f5ad6f0f5a43a807e26748f437,"[""dwc_basisofrecord_invalid""]",image/jpeg,true,https://i.creativecommons.org/l/by-nc/4.0/88x31.png,images,,"[""bd7cfd55-bf55-46fc-878d-e6e11f574ccd\\media\\e9ae7b91-6bf6-4ace-9f35-656369489d23""]","[""279c03dd-da1b-46ec-9757-cc5f0640022e""]",bd7cfd55-bf55-46fc-878d-e6e11f574ccd,BY-NC,,image,27f6c275-f393-4271-b1b5-571bab5a5dd5,,http://creativecommons.org/licenses/by-nc/4.0/,,
279c03dd-da1b-46ec-9757-cc5f0640022e,https://cdn.floridamuseum.ufl.edu/Herp/21df1a61-c4d8-4439-9191-fe83a983d4f9,2020-10-14T13:20:15.501697+00:00,0.5454545454545454,aa341bc0edb508cc9837645e0d169e31983a5d16,"[""dwc_basisofrecord_invalid""]",image/jpeg,true,https://i.creativecommons.org/l/by-nc/4.0/88x31.png,images,,"[""bd7cfd55-bf55-46fc-878d-e6e11f574ccd\\media\\21df1a61-c4d8-4439-9191-fe83a983d4f9""]","[""279c03dd-da1b-46ec-9757-cc5f0640022e""]",bd7cfd55-bf55-46fc-878d-e6e11f574ccd,BY-NC,,image,303bf37d-236e-42ec-bee7-7f36738de23c,,http://creativecommons.org/licenses/by-nc/4.0/,,
b7c72c1e-7bea-4a76-aadd-a244eb354da5,https://cdn.floridamuseum.ufl.edu/Herp/50fe77b3-c9de-4da3-ae63-a66c3b0323d0,2020-10-14T13:20:15.501697+00:00,0.5454545454545454,c56ca704d6a39e534f4f64a5d2ce9891a9c1b2be,"[""dwc_basisofrecord_invalid""]",image/jpeg,true,https://i.creativecommons.org/l/by-nc/4.0/88x31.png,images,,"[""bd7cfd55-bf55-46fc-878d-e6e11f574ccd\\media\\50fe77b3-c9de-4da3-ae63-a66c3b0323d0""]","[""b7c72c1e-7bea-4a76-aadd-a244eb354da5""]",bd7cfd55-bf55-46fc-878d-e6e11f574ccd,BY-NC,,image,3c9474fd-3c9e-41f8-b810-ed65fab99cdf,,http://creativecommons.org/licenses/by-nc/4.0/,,
b7c72c1e-7bea-4a76-aadd-a244eb354da5,https://cdn.floridamuseum.ufl.edu/Herp/c3fb6b20-bbc8-4088-8238-a2b23b1ffee7,2020-10-14T13:20:15.501697+00:00,0.5454545454545454,dd4c83e2f577bf9f408ba0ea3aed762e3f0a7b6b,"[""dwc_basisofrecord_invalid""]",image/jpeg,true,https://i.creativecommons.org/l/by-nc/4.0/88x31.png,images,,"[""bd7cfd55-bf55-46fc-878d-e6e11f574ccd\\media\\c3fb6b20-bbc8-4088-8238-a2b23b1ffee7""]","[""b7c72c1e-7bea-4a76-aadd-a244eb354da5""]",bd7cfd55-bf55-46fc-878d-e6e11f574ccd,BY-NC,,image,9da0b1ea-40f0-4976-9510-6955ec8d9030,,http://creativecommons.org/licenses/by-nc/4.0/,,
b7c72c1e-7bea-4a76-aadd-a244eb354da5,https://cdn.floridamuseum.ufl.edu/Herp/bd3c300c-533e-4135-be8f-73abfaf50700,2020-10-14T13:20:15.501697+00:00,0.5454545454545454,1efec028c19b25245f4cf644402a47a61b17f6c7,"[""dwc_basisofrecord_invalid""]",image/jpeg,true,https://i.creativecommons.org/l/by-nc/4.0/88x31.png,images,,"[""bd7cfd55-bf55-46fc-878d-e6e11f574ccd\\media\\bd3c300c-533e-4135-be8f-73abfaf50700""]","[""b7c72c1e-7bea-4a76-aadd-a244eb354da5""]",bd7cfd55-bf55-46fc-878d-e6e11f574ccd,BY-NC,,image,47f7e47b-4ae0-4e92-9077-6aadb8503e86,,http://creativecommons.org/licenses/by-nc/4.0/,,
e1831ea0-4634-4270-a517-e4d577ca373c,https://cdn.floridamuseum.ufl.edu/Herp/905f95d4-39a6-4b7f-a324-23e38f2f21c8,2020-10-14T13:20:15.501697+00:00,0.5454545454545454,f5050d0d7f1ee1d6cf6bc882da1f5d151b044ef5,"[""dwc_basisofrecord_invalid""]",image/jpeg,true,https://i.creativecommons.org/l/by-nc/4.0/88x31.png,images,,"[""bd7cfd55-bf55-46fc-878d-e6e11f574ccd\\media\\905f95d4-39a6-4b7f-a324-23e38f2f21c8""]","[""e1831ea0-4634-4270-a517-e4d577ca373c""]",bd7cfd55-bf55-46fc-878d-e6e11f574ccd,BY-NC,,image,f29fa353-13fd-4311-b1af-eebd45afe4ab,,http://creativecommons.org/licenses/by-nc/4.0/,,
e1831ea0-4634-4270-a517-e4d577ca373c,https://cdn.floridamuseum.ufl.edu/Herp/ef752ce1-f456-47ff-9b98-f573a85d36f6,2020-10-14T13:20:15.501697+00:00,0.5454545454545454,4dbf53e760da1c3d5e87075a93fedb9689b707e5,"[""dwc_basisofrecord_invalid""]",image/jpeg,true,https://i.creativecommons.org/l/by-nc/4.0/88x31.png,images,,"[""bd7cfd55-bf55-46fc-878d-e6e11f574ccd\\media\\ef752ce1-f456-47ff-9b98-f573a85d36f6""]","[""e1831ea0-4634-4270-a517-e4d577ca373c""]",bd7cfd55-bf55-46fc-878d-e6e11f574ccd,BY-NC,,image,dab56d41-5553-4512-b86a-ffc126a07453,,http://creativecommons.org/licenses/by-nc/4.0/,,
c8de788c-16c4-4fa0-b220-0c4e99819529,,2015-11-21T21:07:35.672065+00:00,-0.09090909090909091,3bdacf733e32ab399cc0d3e93f0bf016e168f11d,"[""dwc_basisofrecord_invalid""]",,true,,,,"[""da67ebd9-52de-444d-b114-e23c03111ac6\\media\\http://macaulaylibrary.org/audio/141215""]","[""c8de788c-16c4-4fa0-b220-0c4e99819529""]",da67ebd9-52de-444d-b114-e23c03111ac6,,,,1bf621b3-a20e-447d-b548-d70050338949,,,,
d6ae9d4b-db04-42f3-a3a5-7f923181992b,https://cdn.floridamuseum.ufl.edu/Herp/beb4a85d-b442-4712-a460-1fa4a298278f,2020-07-24T21:06:36.047653+00:00,0.5454545454545454,0b578f3a62f6e278d524bcc29f394642094af187,"[""dwc_basisofrecord_invalid""]",image/jpeg,true,https://i.creativecommons.org/l/by-nc/4.0/88x31.png,images,,"[""bd7cfd55-bf55-46fc-878d-e6e11f574ccd\\media\\beb4a85d-b442-4712-a460-1fa4a298278f""]","[""d6ae9d4b-db04-42f3-a3a5-7f923181992b""]",bd7cfd55-bf55-46fc-878d-e6e11f574ccd,BY-NC,,image,1f75ed44-eb32-45e9-950e-d307f7dac789,,http://creativecommons.org/licenses/by-nc/4.0/,,
d6ae9d4b-db04-42f3-a3a5-7f923181992b,https://cdn.floridamuseum.ufl.edu/Herp/7edf7dd6-2fe5-42f0-b635-3fb0c3cf9427,2020-07-24T21:06:36.047653+00:00,0.45454545454545453,c985674372fb7e42afe12ee1bc9b484c6c4f9633,"[""dwc_basisofrecord_invalid""]",application/pdf,true,https://i.creativecommons.org/l/by-nc/4.0/88x31.png,,,"[""bd7cfd55-bf55-46fc-878d-e6e11f574ccd\\media\\7edf7dd6-2fe5-42f0-b635-3fb0c3cf9427""]","[""d6ae9d4b-db04-42f3-a3a5-7f923181992b""]",bd7cfd55-bf55-46fc-878d-e6e11f574ccd,BY-NC,,image,ccb73be8-9e21-40d2-9865-ea26003457ad,,http://creativecommons.org/licenses/by-nc/4.0/,,
3fdf0413-c267-4c61-a7bf-78a827146cc2,https://cdn.floridamuseum.ufl.edu/Herp/b6af8e4a-ee07-4ac9-8167-06fb655ef600,2020-07-24T21:06:36.047653+00:00,0.45454545454545453,b1e3c78bfd2fbfe01f6baeb39da2c0fbd17b3c0b,"[""dwc_basisofrecord_invalid""]",application/octet-stream,true,https://i.creativecommons.org/l/by-nc/4.0/88x31.png,,,"[""bd7cfd55-bf55-46fc-878d-e6e11f574ccd\\media\\b6af8e4a-ee07-4ac9-8167-06fb655ef600""]","[""3fdf0413-c267-4c61-a7bf-78a827146cc2""]",bd7cfd55-bf55-46fc-878d-e6e11f574ccd,BY-NC,,image,e68dcd3a-9329-4c35-b1f5-9cc6d96a2d30,,http://creativecommons.org/licenses/by-nc/4.0/,,
3fdf0413-c267-4c61-a7bf-78a827146cc2,https://cdn.floridamuseum.ufl.edu/Herp/2eec0679-9942-4caf-82dc-b79ae5e59d7f,2020-07-24T21:06:36.047653+00:00,0.5454545454545454,200f19ff1e2444729e562ce43457df8b6bca0958,"[""dwc_basisofrecord_invalid""]",image/jpeg,true,https://i.creativecommons.org/l/by-nc/4.0/88x31.png,images,,"[""bd7cfd55-bf55-46fc-878d-e6e11f574ccd\\media\\2eec0679-9942-4caf-82dc-b79ae5e59d7f""]","[""3fdf0413-c267-4c61-a7bf-78a827146cc2""]",bd7cfd55-bf55-46fc-878d-e6e11f574ccd,BY-NC,,image,f0891c1d-92ef-448d-857f-194a5559ad97,,http://creativecommons.org/licenses/by-nc/4.0/,,
3fdf0413-c267-4c61-a7bf-78a827146cc2,https://cdn.floridamuseum.ufl.edu/Herp/a365cf54-2f9a-402e-b549-8f9d81856d73,2020-07-24T21:06:36.047653+00:00,0.5454545454545454,547e18bb113ff500b04168880ac3d7d870d0f295,"[""dwc_basisofrecord_invalid""]",image/jpeg,true,https://i.creativecommons.org/l/by-nc/4.0/88x31.png,images,,"[""bd7cfd55-bf55-46fc-878d-e6e11f574ccd\\media\\a365cf54-2f9a-402e-b549-8f9d81856d73""]","[""3fdf0413-c267-4c61-a7bf-78a827146cc2""]",bd7cfd55-bf55-46fc-878d-e6e11f574ccd,BY-NC,,image,97188364-54ad-481b-badf-eb40c29382ca,,http://creativecommons.org/licenses/by-nc/4.0/,,
3fdf0413-c267-4c61-a7bf-78a827146cc2,https://cdn.floridamuseum.ufl.edu/Herp/5a02b554-367a-448c-97f2-e82996eba9e5,2020-07-24T21:06:36.047653+00:00,0.5454545454545454,d6ec3b8f6b5b787a0b276f459eddf5de10db6507,"[""dwc_basisofrecord_invalid""]",image/jpeg,true,https://i.creativecommons.org/l/by-nc/4.0/88x31.png,images,,"[""bd7cfd55-bf55-46fc-878d-e6e11f574ccd\\media\\5a02b554-367a-448c-97f2-e82996eba9e5""]","[""3fdf0413-c267-4c61-a7bf-78a827146cc2""]",bd7cfd55-bf55-46fc-878d-e6e11f574ccd,BY-NC,,image,31852ea6-ad3e-41fc-9d63-13f03e188a7e,,http://creativecommons.org/licenses/by-nc/4.0/,,
3fdf0413-c267-4c61-a7bf-78a827146cc2,https://cdn.floridamuseum.ufl.edu/Herp/21e7526b-5dde-4f3a-b189-3ebb32cc8f3b,2020-07-24T21:06:36.047653+00:00,0.45454545454545453,80118d6ac1b7ad8cad703169d67f5f6a1497b40c,"[""dwc_basisofrecord_invalid""]",application/octet-stream,true,https://i.creativecommons.org/l/by-nc/4.0/88x31.png,,,"[""bd7cfd55-bf55-46fc-878d-e6e11f574ccd\\media\\21e7526b-5dde-4f3a-b189-3ebb32cc8f3b""]","[""3fdf0413-c267-4c61-a7bf-78a827146cc2""]",bd7cfd55-bf55-46fc-878d-e6e11f574ccd,BY-NC,,image,c9f6a1ad-ef7f-418d-9340-61dd11761d10,,http://creativecommons.org/licenses/by-nc/4.0/,,
2bea5b60-a6ee-4956-a5fe-0bbcdd17511c,,2015-11-21T21:07:35.672065+00:00,-0.09090909090909091,4cb24c0ddd0c2ab359eec3cce76018ddf11ca953,"[""dwc_basisofrecord_invalid""]",,true,,,,"[""da67ebd9-52de-444d-b114-e23c03111ac6\\media\\http://macaulaylibrary.org/video/436057""]","[""2bea5b60-a6ee-4956-a5fe-0bbcdd17511c""]",da67ebd9-52de-444d-b114-e23c03111ac6,,,,cec006d4-955c-468b-ad95-0da5d66e1808,,,,
c138e6f4-0db6-4a70-a8e6-01ddebbcaea9,https://cdn.floridamuseum.ufl.edu/Herp/788ec879-63ba-4f6c-b95d-d7b26d25ee31,2020-07-24T21:06:36.047653+00:00,0.5454545454545454,a9899a319ace133e9c62600517ae142857efe35e,"[""dwc_basisofrecord_invalid""]",image/jpeg,true,https://i.creativecommons.org/l/by-nc/4.0/88x31.png,images,,"[""bd7cfd55-bf55-46fc-878d-e6e11f574ccd\\media\\788ec879-63ba-4f6c-b95d-d7b26d25ee31""]","[""c138e6f4-0db6-4a70-a8e6-01ddebbcaea9""]",bd7cfd55-bf55-46fc-878d-e6e11f574ccd,BY-NC,,image,620726cd-651a-48ea-9502-ff134baa4355,,http://creativecommons.org/licenses/by-nc/4.0/,,
b20a6202-2ba4-43f2-b888-c1bbe8fd65ca,https://cdn.floridamuseum.ufl.edu/Herp/efd1a375-2f96-4de1-be18-9c8e082634ca,2020-07-24T21:06:36.047653+00:00,0.5454545454545454,2ff704f6b29ba8e2967084a4d4bbd34c1a77d1de,"[""dwc_basisofrecord_invalid""]",image/jpeg,true,https://i.creativecommons.org/l/by-nc/4.0/88x31.png,images,,"[""bd7cfd55-bf55-46fc-878d-e6e11f574ccd\\media\\efd1a375-2f96-4de1-be18-9c8e082634ca""]","[""b20a6202-2ba4-43f2-b888-c1bbe8fd65ca""]",bd7cfd55-bf55-46fc-878d-e6e11f574ccd,BY-NC,,image,8f4ec5b7-3760-4397-9158-c66ba065c4a0,,http://creativecommons.org/licenses/by-nc/4.0/,,
f1879575-90e5-4824-9ee0-f915d3c5263d,https://cdn.floridamuseum.ufl.edu/Herp/add81ea3-6042-41b2-91b6-ccf077f086c7,2020-10-14T13:20:15.501697+00:00,0.5454545454545454,f55cba1834fb67f847e9030d1fda7d61c141543f,"[""dwc_basisofrecord_invalid""]",image/jpeg,true,https://i.creativecommons.org/l/by-nc/4.0/88x31.png,images,,"[""bd7cfd55-bf55-46fc-878d-e6e11f574ccd\\media\\add81ea3-6042-41b2-91b6-ccf077f086c7""]","[""f1879575-90e5-4824-9ee0-f915d3c5263d""]",bd7cfd55-bf55-46fc-878d-e6e11f574ccd,BY-NC,,image,cad076af-8339-441a-8e07-a505555d6bad,,http://creativecommons.org/licenses/by-nc/4.0/,,
83af825f-c5ae-4cb6-a931-39d8b076ca1f,https://cdn.floridamuseum.ufl.edu/Herp/62ec0529-9edc-4b36-94f4-89120bfe0651,2020-10-14T13:20:15.501697+00:00,0.5454545454545454,72e96607fb919670253db02e9fb61fe8d6812351,"[""dwc_basisofrecord_invalid""]",image/jpeg,true,https://i.creativecommons.org/l/by-nc/4.0/88x31.png,images,,"[""bd7cfd55-bf55-46fc-878d-e6e11f574ccd\\media\\62ec0529-9edc-4b36-94f4-89120bfe0651""]","[""83af825f-c5ae-4cb6-a931-39d8b076ca1f""]",bd7cfd55-bf55-46fc-878d-e6e11f574ccd,BY-NC,,image,b02ae878-d26e-4984-9e54-29a13722f615,,http://creativecommons.org/licenses/by-nc/4.0/,,
83af825f-c5ae-4cb6-a931-39d8b076ca1f,https://cdn.floridamuseum.ufl.edu/Herp/0a7698b6-4b94-4e1f-8060-7880a8a0df29,2020-10-14T13:20:15.501697+00:00,0.5454545454545454,4b630be6b7d02997283d7489e9c3c009efe79b76,"[""dwc_basisofrecord_invalid""]",image/jpeg,true,https://i.creativecommons.org/l/by-nc/4.0/88x31.png,images,,"[""bd7cfd55-bf55-46fc-878d-e6e11f574ccd\\media\\0a7698b6-4b94-4e1f-8060-7880a8a0df29""]","[""83af825f-c5ae-4cb6-a931-39d8b076ca1f""]",bd7cfd55-bf55-46fc-878d-e6e11f574ccd,BY-NC,,image,d0cdee41-2a18-42bd-a514-13b9cbba12c4,,http://creativecommons.org/licenses/by-nc/4.0/,,
83af825f-c5ae-4cb6-a931-39d8b076ca1f,https://cdn.floridamuseum.ufl.edu/Herp/15c24c1f-ca9a-412b-8c36-17e1a517298b,2020-10-14T13:20:15.501697+00:00,0.5454545454545454,d6fca0ac8be1e25bf59c467d1925e43d11f4a844,"[""dwc_basisofrecord_invalid""]",image/jpeg,true,https://i.creativecommons.org/l/by-nc/4.0/88x31.png,images,,"[""bd7cfd55-bf55-46fc-878d-e6e11f574ccd\\media\\15c24c1f-ca9a-412b-8c36-17e1a517298b""]","[""83af825f-c5ae-4cb6-a931-39d8b076ca1f""]",bd7cfd55-bf55-46fc-878d-e6e11f574ccd,BY-NC,,image,f6fc2827-d730-4e94-89eb-ddb4bcee438a,,http://creativecommons.org/licenses/by-nc/4.0/,,
24bfa342-5c65-4f5e-a74f-b5a9a8d68896,https://cdn.floridamuseum.ufl.edu/Herp/f739f56d-3aef-49a1-926f-1705e4ee8776,2020-10-14T13:20:15.501697+00:00,0.5454545454545454,f04d9a18e3feea759d583d64a7c8206d3807bde7,"[""dwc_basisofrecord_invalid""]",image/jpeg,true,https://i.creativecommons.org/l/by-nc/4.0/88x31.png,images,,"[""bd7cfd55-bf55-46fc-878d-e6e11f574ccd\\media\\f739f56d-3aef-49a1-926f-1705e4ee8776""]","[""24bfa342-5c65-4f5e-a74f-b5a9a8d68896""]",bd7cfd55-bf55-46fc-878d-e6e11f574ccd,BY-NC,,image,fd932b49-d2cc-477c-83e8-a037f5e3bc48,,http://creativecommons.org/licenses/by-nc/4.0/,,
5aa11b29-76dc-4ac7-bb8e-f8af4f6bcb8c,https://cdn.floridamuseum.ufl.edu/Herp/b837ec0e-99b1-4cd5-991e-88074a337af2,2020-10-14T13:20:15.501697+00:00,0.5454545454545454,c56b27ecac34b3e60d3fbeab96c934990a676a40,"[""dwc_basisofrecord_invalid""]",image/jpeg,true,https://i.creativecommons.org/l/by-nc/4.0/88x31.png,images,,"[""bd7cfd55-bf55-46fc-878d-e6e11f574ccd\\media\\b837ec0e-99b1-4cd5-991e-88074a337af2""]","[""5aa11b29-76dc-4ac7-bb8e-f8af4f6bcb8c""]",bd7cfd55-bf55-46fc-878d-e6e11f574ccd,BY-NC,,image,34a07258-66c7-48fc-9256-f9e6d0831c93,,http://creativecommons.org/licenses/by-nc/4.0/,,
da0093b2-d08b-492f-9a58-2c604a94c8ce,https://cdn.floridamuseum.ufl.edu/Herp/7d1a556e-7c8e-4c99-a117-01f20772a3db,2020-10-14T13:20:15.501697+00:00,0.5454545454545454,054795f9aff4e4694fd3fb9d31b013e0c89148e0,"[""dwc_basisofrecord_invalid""]",image/jpeg,true,https://i.creativecommons.org/l/by-nc/4.0/88x31.png,images,,"[""bd7cfd55-bf55-46fc-878d-e6e11f574ccd\\media\\7d1a556e-7c8e-4c99-a117-01f20772a3db""]","[""da0093b2-d08b-492f-9a58-2c604a94c8ce""]",bd7cfd55-bf55-46fc-878d-e6e11f574ccd,BY-NC,,image,a596dbf9-378d-4cd3-8f9b-69befde93322,,http://creativecommons.org/licenses/by-nc/4.0/,,
e4bd4f17-a503-4683-8523-8ee2bf62a7fb,https://cdn.floridamuseum.ufl.edu/Herp/7307da34-da3d-4aa1-b97f-645d28a2e2b4,2020-10-14T13:20:15.501697+00:00,0.45454545454545453,dc2357f045af763dbec1efc37969bf11c6e89a67,"[""dwc_basisofrecord_invalid""]",application/pdf,true,https://i.creativecommons.org/l/by-nc/4.0/88x31.png,,,"[""bd7cfd55-bf55-46fc-878d-e6e11f574ccd\\media\\7307da34-da3d-4aa1-b97f-645d28a2e2b4""]","[""e4bd4f17-a503-4683-8523-8ee2bf62a7fb""]",bd7cfd55-bf55-46fc-878d-e6e11f574ccd,BY-NC,,image,d815ee85-d591-44d5-a31c-3d4f1e790c79,,http://creativecommons.org/licenses/by-nc/4.0/,,
3d8b2a32-fe95-4cc6-bffb-4f13601f0948,https://images.ala.org.au/image/proxyImageThumbnailLarge?imageId=435a307f-709c-45fa-980d-0d61c1f86cdf,2021-12-17T10:45:08.738778+00:00,0.18181818181818182,2c7dfccaa7e39883c5aa130e7dad81fc74dbdc06,"[""dwc_basisofrecord_invalid""]",image/jpeg,true,,images,,"[""5aef068f-efd3-4851-a623-f542e97350cd\\media\\https://images.ala.org.au/image/proxyimagethumbnaillarge?imageid=435a307f-709c-45fa-980d-0d61c1f86cdf""]","[""3d8b2a32-fe95-4cc6-bffb-4f13601f0948""]",5aef068f-efd3-4851-a623-f542e97350cd,,,,ca7cf89e-e369-4677-8670-c36b6022449e,,,,
a924c2be-08d3-488d-aab1-1fdce9606549,https://cdn.floridamuseum.ufl.edu/Herp/8085f52c-4e8b-4de7-b5ac-888d02cffef0,2020-07-24T21:06:36.047653+00:00,0.5454545454545454,0376db0569b525b67ee4e8dfe0770b957e16faa2,"[""dwc_basisofrecord_invalid""]",image/jpeg,true,https://i.creativecommons.org/l/by-nc/4.0/88x31.png,images,,"[""bd7cfd55-bf55-46fc-878d-e6e11f574ccd\\media\\8085f52c-4e8b-4de7-b5ac-888d02cffef0""]","[""a924c2be-08d3-488d-aab1-1fdce9606549""]",bd7cfd55-bf55-46fc-878d-e6e11f574ccd,BY-NC,,image,97b7d377-d4d6-4dff-983f-d2d3c45a4ae6,,http://creativecommons.org/licenses/by-nc/4.0/,,
a924c2be-08d3-488d-aab1-1fdce9606549,https://cdn.floridamuseum.ufl.edu/Herp/27278d3a-4ac0-42f9-8eba-5ea3bfe95999,2020-07-24T21:06:36.047653+00:00,0.5454545454545454,3587ec50eb50a09f48d17bbc99f47a7d65d3b064,"[""dwc_basisofrecord_invalid""]",image/jpeg,true,https://i.creativecommons.org/l/by-nc/4.0/88x31.png,images,,"[""bd7cfd55-bf55-46fc-878d-e6e11f574ccd\\media\\27278d3a-4ac0-42f9-8eba-5ea3bfe95999""]","[""a924c2be-08d3-488d-aab1-1fdce9606549""]",bd7cfd55-bf55-46fc-878d-e6e11f574ccd,BY-NC,,image,f3c8e47e-2be2-47f3-ae4d-0c735421977f,,http://creativecommons.org/licenses/by-nc/4.0/,,
4efdbdfd-f487-47fb-90e6-fc4048809a07,https://data.nhm.ac.uk/media/5a3e676f-6ec7-4c51-b825-f781c78e1031,2022-02-07T13:10:31.725582+00:00,0.45454545454545453,9f9c5741d95427b2ed7a9650bf2e8fa1cecce8bb,"[""dwc_basisofrecord_invalid""]",image/jpeg,true,https://i.creativecommons.org/l/by/4.0/88x31.png,images,,"[""3c9420c9-c4a8-47dc-88b7-b5638ca5e716\\media\\https://data.nhm.ac.uk/media/5a3e676f-6ec7-4c51-b825-f781c78e1031""]","[""4efdbdfd-f487-47fb-90e6-fc4048809a07""]",3c9420c9-c4a8-47dc-88b7-b5638ca5e716,BY,,,56211456-cd4d-4879-b2e1-211a4b2895ed,,http://creativecommons.org/licenses/by/4.0/,,
64a7c40a-c6e5-4ffc-8ff6-37316c72ce84,https://cdn.floridamuseum.ufl.edu/Herp/39087c80-0fc6-4286-84ed-fbbb504da2da,2020-07-24T21:06:36.047653+00:00,0.5454545454545454,e59c9d79e162246dda84351105f2075d2288d68b,"[""dwc_basisofrecord_invalid""]",image/jpeg,true,https://i.creativecommons.org/l/by-nc/4.0/88x31.png,images,,"[""bd7cfd55-bf55-46fc-878d-e6e11f574ccd\\media\\39087c80-0fc6-4286-84ed-fbbb504da2da""]","[""64a7c40a-c6e5-4ffc-8ff6-37316c72ce84""]",bd7cfd55-bf55-46fc-878d-e6e11f574ccd,BY-NC,,image,fe4012f0-f212-4581-b0cc-5dd09b99fd39,,http://creativecommons.org/licenses/by-nc/4.0/,,
64a7c40a-c6e5-4ffc-8ff6-37316c72ce84,https://cdn.floridamuseum.ufl.edu/Herp/7e80f3fd-351d-4ad8-b843-4ddfedfcb989,2020-07-24T21:06:36.047653+00:00,0.5454545454545454,b13f947b312e09abb2d97b4cfcff9858ce21f490,"[""dwc_basisofrecord_invalid""]",image/jpeg,true,https://i.creativecommons.org/l/by-nc/4.0/88x31.png,images,,"[""bd7cfd55-bf55-46fc-878d-e6e11f574ccd\\media\\7e80f3fd-351d-4ad8-b843-4ddfedfcb989""]","[""64a7c40a-c6e5-4ffc-8ff6-37316c72ce84""]",bd7cfd55-bf55-46fc-878d-e6e11f574ccd,BY-NC,,image,f65c1676-d9c4-4088-9d60-829226184389,,http://creativecommons.org/licenses/by-nc/4.0/,,
75f165b2-97f6-4479-97dc-73ea4ca74022,https://cdn.floridamuseum.ufl.edu/Herp/314d1524-22d5-42b3-acc5-a13b81dfeb89,2020-07-24T21:06:36.047653+00:00,0.5454545454545454,91cc9c7e94247984d4b37ee68459eb9e497e9c5c,"[""dwc_basisofrecord_invalid""]",image/jpeg,true,https://i.creativecommons.org/l/by-nc/4.0/88x31.png,images,,"[""bd7cfd55-bf55-46fc-878d-e6e11f574ccd\\media\\314d1524-22d5-42b3-acc5-a13b81dfeb89""]","[""75f165b2-97f6-4479-97dc-73ea4ca74022""]",bd7cfd55-bf55-46fc-878d-e6e11f574ccd,BY-NC,,image,7a5c17dc-dc08-4555-9fe1-182adffd3da1,,http://creativecommons.org/licenses/by-nc/4.0/,,
75f165b2-97f6-4479-97dc-73ea4ca74022,https://cdn.floridamuseum.ufl.edu/Herp/4896f587-befe-45f4-9d26-7b65ad394521,2020-07-24T21:06:36.047653+00:00,0.5454545454545454,b86e8fe6d75dc9f3b09c7c67531b6d70cc742b3f,"[""dwc_basisofrecord_invalid""]",image/jpeg,true,https://i.creativecommons.org/l/by-nc/4.0/88x31.png,images,,"[""bd7cfd55-bf55-46fc-878d-e6e11f574ccd\\media\\4896f587-befe-45f4-9d26-7b65ad394521""]","[""75f165b2-97f6-4479-97dc-73ea4ca74022""]",bd7cfd55-bf55-46fc-878d-e6e11f574ccd,BY-NC,,image,1e9f1f07-908c-4e1d-b053-26758b46bf4d,,http://creativecommons.org/licenses/by-nc/4.0/,,
8b848386-2134-46fb-b14f-83613de202ff,https://mczbase.mcz.harvard.edu/specimen_images/herpetology/large/R153040_C_novaeguineae_skull_d.jpg,2022-04-27T12:38:15.248739+00:00,0.45454545454545453,af74c675df9c763c208f5ef8d29c94b8f4992bdd,"[""dwc_basisofrecord_invalid""]",image/jpeg,true,,images,2016-05-06T00:00:00+00:00,"[""271a9ce9-c6d3-4b63-a722-cb0adc48863f\\media\\http://mczbase.mcz.harvard.edu/media/719712""]","[""8b848386-2134-46fb-b14f-83613de202ff""]",271a9ce9-c6d3-4b63-a722-cb0adc48863f,,,stillimage,42d4e630-7f77-4850-9800-ec1ce1ab0c89,,,,1000
8b848386-2134-46fb-b14f-83613de202ff,https://mczbase.mcz.harvard.edu/specimen_images/herpetology/large/R153040_C_novaeguineae_skull_v.jpg,2022-04-27T12:38:15.248739+00:00,0.45454545454545453,c50b2826eae1b3492f0eba996a783e63f55dd2a5,"[""dwc_basisofrecord_invalid""]",image/jpeg,true,,images,2016-05-06T00:00:00+00:00,"[""271a9ce9-c6d3-4b63-a722-cb0adc48863f\\media\\http://mczbase.mcz.harvard.edu/media/719713""]","[""8b848386-2134-46fb-b14f-83613de202ff""]",271a9ce9-c6d3-4b63-a722-cb0adc48863f,,,stillimage,a1978341-7d0a-494e-bcfa-d014fd2406c7,,,,1000
c2a4334b-e42f-4767-b406-8f4ab158f5a3,http://n2t.net/ark:/65665/m3a4fc2bdc-5fc9-4361-87ba-2868b75182c7,2022-04-27T13:37:19.029763+00:00,0.7272727272727273,8f987f53eff000a57c527c0e562028babf5f3953,"[""dwc_basisofrecord_invalid""]",image/jpeg,true,http://i.creativecommons.org/p/zero/1.0/88x31.png,images,,"[""a6eee223-cf3b-4079-8bb2-b77dad8cae9d\\media\\https://collections.nmnh.si.edu/media/?i=13999554""]","[""c2a4334b-e42f-4767-b406-8f4ab158f5a3""]",a6eee223-cf3b-4079-8bb2-b77dad8cae9d,CC0,,image,2f348d51-8552-4395-b44c-380e56b4069f,,http://creativecommons.org/publicdomain/zero/1.0/,980,1542
c2a4334b-e42f-4767-b406-8f4ab158f5a3,http://n2t.net/ark:/65665/m310c29a10-272a-4e44-bfd6-c0f4ebc4949f,2022-04-27T13:37:19.029763+00:00,0.7272727272727273,1586e0962cd0d026da105fd40cad590935d2b26c,"[""dwc_basisofrecord_invalid""]",image/jpeg,true,http://i.creativecommons.org/p/zero/1.0/88x31.png,images,,"[""a6eee223-cf3b-4079-8bb2-b77dad8cae9d\\media\\https://collections.nmnh.si.edu/media/?i=13999562""]","[""c2a4334b-e42f-4767-b406-8f4ab158f5a3""]",a6eee223-cf3b-4079-8bb2-b77dad8cae9d,CC0,,image,5358fe36-bab1-43a3-9f2b-1644585f2226,,http://creativecommons.org/publicdomain/zero/1.0/,513,966
c2a4334b-e42f-4767-b406-8f4ab158f5a3,http://n2t.net/ark:/65665/m36cdc2dc0-d072-48b6-9d99-cc3aa5baa5fd,2022-04-27T13:37:19.029763+00:00,0.7272727272727273,5a96103816bbde51dbce6f54e755ca3f8eca652a,"[""dwc_basisofrecord_invalid""]",image/jpeg,true,http://i.creativecommons.org/p/zero/1.0/88x31.png,images,,"[""a6eee223-cf3b-4079-8bb2-b77dad8cae9d\\media\\https://collections.nmnh.si.edu/media/?i=13999569""]","[""c2a4334b-e42f-4767-b406-8f4ab158f5a3""]",a6eee223-cf3b-4079-8bb2-b77dad8cae9d,CC0,,image,5139f454-03ad-4159-aa2a-a185f723b707,,http://creativecommons.org/publicdomain/zero/1.0/,508,968
955638a4-aa93-4cb2-9aec-a4b72b9a3c32,https://data.nhm.ac.uk/media/7b0f43ff-9d12-49cf-9c88-938a9dd163cc,2022-02-07T13:10:31.725582+00:00,0.45454545454545453,ed21c3abfc294f7e5d849376500eb52a8aa8a3bd,"[""dwc_basisofrecord_invalid""]",image/jpeg,true,https://i.creativecommons.org/l/by/4.0/88x31.png,images,,"[""3c9420c9-c4a8-47dc-88b7-b5638ca5e716\\media\\https://data.nhm.ac.uk/media/7b0f43ff-9d12-49cf-9c88-938a9dd163cc""]","[""955638a4-aa93-4cb2-9aec-a4b72b9a3c32""]",3c9420c9-c4a8-47dc-88b7-b5638ca5e716,BY,,,70af79b5-0542-4198-9048-b12802f34f78,,http://creativecommons.org/licenses/by/4.0/,,
305bff52-963a-41cb-9f44-3734f32cfb1e,https://data.nhm.ac.uk/media/a78912b3-6cbf-406c-9c22-b7f73504c930,2022-02-07T13:10:31.725582+00:00,0.45454545454545453,304c127b04962513e45a83c8a5ca55556b67e496,"[""dwc_basisofrecord_invalid""]",image/jpeg,true,https://i.creativecommons.org/l/by/4.0/88x31.png,images,,"[""3c9420c9-c4a8-47dc-88b7-b5638ca5e716\\media\\https://data.nhm.ac.uk/media/a78912b3-6cbf-406c-9c22-b7f73504c930""]","[""305bff52-963a-41cb-9f44-3734f32cfb1e""]",3c9420c9-c4a8-47dc-88b7-b5638ca5e716,BY,,,d9e93f45-f512-46fc-839a-55d6eab75bfc,,http://creativecommons.org/licenses/by/4.0/,,
a1cfd13b-948b-4a3d-ae08-5d09774b5590,"https://images.collections.yale.edu/iiif/2/ypm:47f092e3-1349-4c4d-9503-bc60e91379e0/full/!1920,1920/0/default.jpg",2022-04-27T11:55:23.349641+00:00,0.5454545454545454,b0c6374a28f72e5363b08830245d8841890e8d09,"[""dwc_basisofrecord_invalid""]",image/jpeg,true,http://i.creativecommons.org/p/zero/1.0/88x31.png,images,,"[""cf60ed8a-2c79-4b85-a259-15a8e216dae4\\media\\urn:uuid:47f092e3-1349-4c4d-9503-bc60e91379e0""]","[""a1cfd13b-948b-4a3d-ae08-5d09774b5590""]",cf60ed8a-2c79-4b85-a259-15a8e216dae4,CC0,,stillimage,66c7e700-06d3-4716-966d-547cd82c3345,,http://creativecommons.org/publicdomain/zero/1.0/,,
a1cfd13b-948b-4a3d-ae08-5d09774b5590,"https://images.collections.yale.edu/iiif/2/ypm:7ef018e0-f6c1-42f0-8417-919a20c66cda/full/!1920,1920/0/default.jpg",2022-04-27T11:55:23.349641+00:00,0.5454545454545454,000389d8ce191b2d9ac3d2ad25610a4dd9a51db7,"[""dwc_basisofrecord_invalid""]",image/jpeg,true,http://i.creativecommons.org/p/zero/1.0/88x31.png,images,,"[""cf60ed8a-2c79-4b85-a259-15a8e216dae4\\media\\urn:uuid:7ef018e0-f6c1-42f0-8417-919a20c66cda""]","[""a1cfd13b-948b-4a3d-ae08-5d09774b5590""]",cf60ed8a-2c79-4b85-a259-15a8e216dae4,CC0,,stillimage,5ffae614-dbd4-4144-8311-4dc4ca527d27,,http://creativecommons.org/publicdomain/zero/1.0/,,
a1cfd13b-948b-4a3d-ae08-5d09774b5590,"https://images.collections.yale.edu/iiif/2/ypm:41fabae7-bf04-4aae-b2ac-4fade72115b5/full/!1920,1920/0/default.jpg",2022-04-27T11:55:23.349641+00:00,0.5454545454545454,593f829f7522ada0d4982ddb6df41b14a03ed828,"[""dwc_basisofrecord_invalid""]",image/jpeg,true,http://i.creativecommons.org/p/zero/1.0/88x31.png,images,,"[""cf60ed8a-2c79-4b85-a259-15a8e216dae4\\media\\urn:uuid:41fabae7-bf04-4aae-b2ac-4fade72115b5""]","[""a1cfd13b-948b-4a3d-ae08-5d09774b5590""]",cf60ed8a-2c79-4b85-a259-15a8e216dae4,CC0,,stillimage,1a6cf1d4-fb92-4bb6-88c7-c49b42323b36,,http://creativecommons.org/publicdomain/zero/1.0/,,
02722d90-8ae8-449e-abdf-dc570c32cd76,https://cdn.floridamuseum.ufl.edu/Herp/275f4987-c217-4fab-8d5c-bda78ddc507b,2020-07-24T21:06:36.047653+00:00,0.5454545454545454,2b880ac554360b49bddebc5576120c7fe5541c08,"[""dwc_basisofrecord_invalid""]",image/jpeg,true,https://i.creativecommons.org/l/by-nc/4.0/88x31.png,images,,"[""bd7cfd55-bf55-46fc-878d-e6e11f574ccd\\media\\275f4987-c217-4fab-8d5c-bda78ddc507b""]","[""02722d90-8ae8-449e-abdf-dc570c32cd76""]",bd7cfd55-bf55-46fc-878d-e6e11f574ccd,BY-NC,,image,a350ac72-1150-48ac-8f53-35f6e85180e4,,http://creativecommons.org/licenses/by-nc/4.0/,,
7b589583-de39-4de8-8c89-e844b662b6a6,http://arctos.database.museum/media/10612543?open,2021-10-28T01:57:41.549041+00:00,0.36363636363636365,d053fdec2231167ccb18d2ff15b811493d0d4c10,"[""dwc_basisofrecord_invalid""]",image/jpeg,true,,images,2021-09-26T00:00:00+00:00,"[""a2bc3d61-3c37-4aca-b47d-c3413f7e3b87\\media\\http://arctos.database.museum/media/10612543""]","[""7b589583-de39-4de8-8c89-e844b662b6a6""]",a2bc3d61-3c37-4aca-b47d-c3413f7e3b87,,,image,7da2620c-4402-4e25-8c2c-94d320cbb716,,,,
6568292e-9d42-4891-b32b-41c73a7dc81d,https://data.nhm.ac.uk/media/18436864-9b93-487b-ad47-c0a28e9fe9d7,2022-02-07T13:10:31.725582+00:00,0.45454545454545453,73f52a9ce0f42c5144697b083fb93dd65659a7b1,"[""dwc_basisofrecord_invalid""]",image/jp2,true,https://i.creativecommons.org/l/by/4.0/88x31.png,images,,"[""3c9420c9-c4a8-47dc-88b7-b5638ca5e716\\media\\https://data.nhm.ac.uk/media/18436864-9b93-487b-ad47-c0a28e9fe9d7""]","[""6568292e-9d42-4891-b32b-41c73a7dc81d""]",3c9420c9-c4a8-47dc-88b7-b5638ca5e716,BY,,,8dc2b97e-1221-4a47-928f-9f43e342ead8,,http://creativecommons.org/licenses/by/4.0/,,
0cd2e383-8215-4558-81ce-167b07833773,https://mczbase.mcz.harvard.edu/specimen_images/herpetology/large/R153039_C_novaeguineae_skull_v.jpg,2022-04-27T12:38:15.248739+00:00,0.45454545454545453,20701c1bc70480fbb6e90c19a15affa02cceb979,"[""dwc_basisofrecord_invalid""]",image/jpeg,true,,images,2016-05-06T00:00:00+00:00,"[""271a9ce9-c6d3-4b63-a722-cb0adc48863f\\media\\http://mczbase.mcz.harvard.edu/media/719714""]","[""0cd2e383-8215-4558-81ce-167b07833773""]",271a9ce9-c6d3-4b63-a722-cb0adc48863f,,,stillimage,0fc469e6-e07c-4518-bcdd-681b4c06fc09,,,,1000
0cd2e383-8215-4558-81ce-167b07833773,https://mczbase.mcz.harvard.edu/specimen_images/herpetology/large/R153039_C_novaeguineae_skull_d.jpg,2022-04-27T12:38:15.248739+00:00,0.45454545454545453,261d9669eead49c50678e069aed3fc1f392491c6,"[""dwc_basisofrecord_invalid""]",image/jpeg,true,,images,2016-05-06T00:00:00+00:00,"[""271a9ce9-c6d3-4b63-a722-cb0adc48863f\\media\\http://mczbase.mcz.harvard.edu/media/719715""]","[""0cd2e383-8215-4558-81ce-167b07833773""]",271a9ce9-c6d3-4b63-a722-cb0adc48863f,,,stillimage,55a85e44-d500-434f-983b-c87b9653a40c,,,,1000
0cd2e383-8215-4558-81ce-167b07833773,https://mczbase.mcz.harvard.edu/specimen_images/herpetology/large/R153039_C_novaeguineae_mandible_i.jpg,2022-04-27T12:38:15.248739+00:00,0.45454545454545453,7e0e41dc160e906a24428a277df38b64d82890f6,"[""dwc_basisofrecord_invalid""]",image/jpeg,true,,images,2016-05-06T00:00:00+00:00,"[""271a9ce9-c6d3-4b63-a722-cb0adc48863f\\media\\http://mczbase.mcz.harvard.edu/media/719716""]","[""0cd2e383-8215-4558-81ce-167b07833773""]",271a9ce9-c6d3-4b63-a722-cb0adc48863f,,,stillimage,e06fa845-e9f9-407c-8687-32fbf217068d,,,,1000
0cd2e383-8215-4558-81ce-167b07833773,https://mczbase.mcz.harvard.edu/specimen_images/herpetology/large/R153039_C_novaeguineae_mandible_o.jpg,2022-04-27T12:38:15.248739+00:00,0.45454545454545453,b2ccf8eaca16d296fca8ff8b038d459a5e023afe,"[""dwc_basisofrecord_invalid""]",image/jpeg,true,,images,2016-05-06T00:00:00+00:00,"[""271a9ce9-c6d3-4b63-a722-cb0adc48863f\\media\\http://mczbase.mcz.harvard.edu/media/719717""]","[""0cd2e383-8215-4558-81ce-167b07833773""]",271a9ce9-c6d3-4b63-a722-cb0adc48863f,,,stillimage,cf860d57-d786-4de8-8990-cbb4ff0836da,,,,1000
3c71ace6-bd6f-4496-8d68-6b16439bb933,https://mczbase.mcz.harvard.edu/specimen_images/herpetology/large/R32099_C_novaeguinae_novaeguinae_P_d.jpg,2022-04-27T12:38:15.248739+00:00,0.45454545454545453,f6c9d40f086220a90f97aaed00e141a246f860b4,"[""dwc_basisofrecord_invalid""]",image/jpeg,true,,images,2008-12-04T00:00:00+00:00,"[""271a9ce9-c6d3-4b63-a722-cb0adc48863f\\media\\http://mczbase.mcz.harvard.edu/media/4972""]","[""3c71ace6-bd6f-4496-8d68-6b16439bb933""]",271a9ce9-c6d3-4b63-a722-cb0adc48863f,,,stillimage,127c034e-f297-4c35-a58a-7f3c2c8cd690,,,,1000
3c71ace6-bd6f-4496-8d68-6b16439bb933,https://mczbase.mcz.harvard.edu/specimen_images/herpetology/large/R32099_C_novaeguinae_novaeguinae_P_hl.jpg,2022-04-27T12:38:15.248739+00:00,0.45454545454545453,59ba681ca0f2ae3e9d41e24c1e0554a931646a62,"[""dwc_basisofrecord_invalid""]",image/jpeg,true,,images,2008-12-04T00:00:00+00:00,"[""271a9ce9-c6d3-4b63-a722-cb0adc48863f\\media\\http://mczbase.mcz.harvard.edu/media/4973""]","[""3c71ace6-bd6f-4496-8d68-6b16439bb933""]",271a9ce9-c6d3-4b63-a722-cb0adc48863f,,,stillimage,21bd498f-fb67-44dc-a882-6efd88fd4885,,,,1000
3c71ace6-bd6f-4496-8d68-6b16439bb933,https://mczbase.mcz.harvard.edu/specimen_images/herpetology/large/R32099_C_novaeguinae_novaeguinae_P_v.jpg,2022-04-27T12:38:15.248739+00:00,0.45454545454545453,daad873b9ac5643a9b6819c52e4eabcbd260fb09,"[""dwc_basisofrecord_invalid""]",image/jpeg,true,,images,2008-12-04T00:00:00+00:00,"[""271a9ce9-c6d3-4b63-a722-cb0adc48863f\\media\\http://mczbase.mcz.harvard.edu/media/4974""]","[""3c71ace6-bd6f-4496-8d68-6b16439bb933""]",271a9ce9-c6d3-4b63-a722-cb0adc48863f,,,stillimage,bac41138-1b85-42fe-a4ea-bb9b9aae27e1,,,,1000
18d345e6-d82e-46d8-b0e3-5e423dabe476,https://cdn.floridamuseum.ufl.edu/Herp/44c5a623-4b38-4c89-a0ca-8ff8cfdc9fbb,2020-10-14T13:20:15.501697+00:00,0.5454545454545454,9d98c1a5de3299c8d010d745ddb45ad1570263ea,"[""dwc_basisofrecord_invalid""]",image/jpeg,true,https://i.creativecommons.org/l/by-nc/4.0/88x31.png,images,,"[""bd7cfd55-bf55-46fc-878d-e6e11f574ccd\\media\\44c5a623-4b38-4c89-a0ca-8ff8cfdc9fbb""]","[""18d345e6-d82e-46d8-b0e3-5e423dabe476""]",bd7cfd55-bf55-46fc-878d-e6e11f574ccd,BY-NC,,image,757e7b39-843d-4fee-843e-11fed6f65480,,http://creativecommons.org/licenses/by-nc/4.0/,,
18d345e6-d82e-46d8-b0e3-5e423dabe476,https://cdn.floridamuseum.ufl.edu/Herp/23cbbf75-8921-4eab-9f68-2e1401ef48d5,2020-10-14T13:20:15.501697+00:00,0.5454545454545454,2676b3a99824a119aa37a57491980342592dace6,"[""dwc_basisofrecord_invalid""]",image/jpeg,true,https://i.creativecommons.org/l/by-nc/4.0/88x31.png,images,,"[""bd7cfd55-bf55-46fc-878d-e6e11f574ccd\\media\\23cbbf75-8921-4eab-9f68-2e1401ef48d5""]","[""18d345e6-d82e-46d8-b0e3-5e423dabe476""]",bd7cfd55-bf55-46fc-878d-e6e11f574ccd,BY-NC,,image,d539f55d-6773-40a1-bc44-874676ce9799,,http://creativecommons.org/licenses/by-nc/4.0/,,
18d345e6-d82e-46d8-b0e3-5e423dabe476,https://cdn.floridamuseum.ufl.edu/Herp/725553da-b1cc-48fa-893a-a89d83316a73,2020-10-14T13:20:15.501697+00:00,0.5454545454545454,77843093fd40623d4ca4e5237c39c80dc43963f0,"[""dwc_basisofrecord_invalid""]",image/jpeg,true,https://i.creativecommons.org/l/by-nc/4.0/88x31.png,images,,"[""bd7cfd55-bf55-46fc-878d-e6e11f574ccd\\media\\725553da-b1cc-48fa-893a-a89d83316a73""]","[""18d345e6-d82e-46d8-b0e3-5e423dabe476""]",bd7cfd55-bf55-46fc-878d-e6e11f574ccd,BY-NC,,image,fddc6b62-8e76-4ca6-83fb-881225a56e9d,,http://creativecommons.org/licenses/by-nc/4.0/,,
18d345e6-d82e-46d8-b0e3-5e423dabe476,https://cdn.floridamuseum.ufl.edu/Herp/09776a20-de3a-4e86-a088-7adc505ce9c6,2020-10-14T13:20:15.501697+00:00,0.5454545454545454,2f767fd02ca340255be25791e37ade34ac06e795,"[""dwc_basisofrecord_invalid""]",image/jpeg,true,https://i.creativecommons.org/l/by-nc/4.0/88x31.png,images,,"[""bd7cfd55-bf55-46fc-878d-e6e11f574ccd\\media\\09776a20-de3a-4e86-a088-7adc505ce9c6""]","[""18d345e6-d82e-46d8-b0e3-5e423dabe476""]",bd7cfd55-bf55-46fc-878d-e6e11f574ccd,BY-NC,,image,4de118cf-235f-4e10-8704-395f711f3465,,http://creativecommons.org/licenses/by-nc/4.0/,,
18d345e6-d82e-46d8-b0e3-5e423dabe476,https://cdn.floridamuseum.ufl.edu/Herp/1d31d27b-77b1-41fe-b015-48d2aa0e6831,2020-10-14T13:20:15.501697+00:00,0.5454545454545454,4f625151d46e7125c8372a338739f4f2bd63c0c1,"[""dwc_basisofrecord_invalid""]",image/jpeg,true,https://i.creativecommons.org/l/by-nc/4.0/88x31.png,images,,"[""bd7cfd55-bf55-46fc-878d-e6e11f574ccd\\media\\1d31d27b-77b1-41fe-b015-48d2aa0e6831""]","[""18d345e6-d82e-46d8-b0e3-5e423dabe476""]",bd7cfd55-bf55-46fc-878d-e6e11f574ccd,BY-NC,,image,1a110069-96f1-4189-b68f-8573c3cb2f3c,,http://creativecommons.org/licenses/by-nc/4.0/,,
18d345e6-d82e-46d8-b0e3-5e423dabe476,https://cdn.floridamuseum.ufl.edu/Herp/ff198324-f510-4ce3-88d2-776b41972de4,2020-10-14T13:20:15.501697+00:00,0.5454545454545454,6905fd87c848d7a403d2bf8b0cecc1755c9be435,"[""dwc_basisofrecord_invalid""]",image/jpeg,true,https://i.creativecommons.org/l/by-nc/4.0/88x31.png,images,,"[""bd7cfd55-bf55-46fc-878d-e6e11f574ccd\\media\\ff198324-f510-4ce3-88d2-776b41972de4""]","[""18d345e6-d82e-46d8-b0e3-5e423dabe476""]",bd7cfd55-bf55-46fc-878d-e6e11f574ccd,BY-NC,,image,2a1e60d0-c568-4c15-9f1b-3f842c33805a,,http://creativecommons.org/licenses/by-nc/4.0/,,
0b487012-b8d7-47b3-bd59-82ccb0820f63,https://cdn.floridamuseum.ufl.edu/Herp/9396a952-8941-488f-ad57-cb727bfcb4ae,2020-10-14T13:20:15.501697+00:00,0.5454545454545454,8854424d8e491b30f6c5d3a640e80959fc193bf7,"[""dwc_basisofrecord_invalid""]",image/jpeg,true,https://i.creativecommons.org/l/by-nc/4.0/88x31.png,images,,"[""bd7cfd55-bf55-46fc-878d-e6e11f574ccd\\media\\9396a952-8941-488f-ad57-cb727bfcb4ae""]","[""0b487012-b8d7-47b3-bd59-82ccb0820f63""]",bd7cfd55-bf55-46fc-878d-e6e11f574ccd,BY-NC,,image,4faaba79-c899-450b-924f-7f784a2b5803,,http://creativecommons.org/licenses/by-nc/4.0/,,
18d345e6-d82e-46d8-b0e3-5e423dabe476,https://cdn.floridamuseum.ufl.edu/Herp/1bf4a6c5-c5b7-43c7-a14d-8df7b202b421,2020-10-14T13:20:15.501697+00:00,0.5454545454545454,7f222bb31b5d4998bb00d8cffb7e8a98e4783a3c,"[""dwc_basisofrecord_invalid""]",image/jpeg,true,https://i.creativecommons.org/l/by-nc/4.0/88x31.png,images,,"[""bd7cfd55-bf55-46fc-878d-e6e11f574ccd\\media\\1bf4a6c5-c5b7-43c7-a14d-8df7b202b421""]","[""18d345e6-d82e-46d8-b0e3-5e423dabe476""]",bd7cfd55-bf55-46fc-878d-e6e11f574ccd,BY-NC,,image,11a401cf-3668-4f40-9704-0dcb35805fe7,,http://creativecommons.org/licenses/by-nc/4.0/,,
18d345e6-d82e-46d8-b0e3-5e423dabe476,https://cdn.floridamuseum.ufl.edu/Herp/166dbb0d-9571-47a5-8747-db582abb56d6,2020-10-14T13:20:15.501697+00:00,0.5454545454545454,6ced96efe91df208ed6fc486af5d7661854b967a,"[""dwc_basisofrecord_invalid""]",image/jpeg,true,https://i.creativecommons.org/l/by-nc/4.0/88x31.png,images,,"[""bd7cfd55-bf55-46fc-878d-e6e11f574ccd\\media\\166dbb0d-9571-47a5-8747-db582abb56d6""]","[""18d345e6-d82e-46d8-b0e3-5e423dabe476""]",bd7cfd55-bf55-46fc-878d-e6e11f574ccd,BY-NC,,image,a79a0092-a566-4449-a507-4b68d665e254,,http://creativecommons.org/licenses/by-nc/4.0/,,
18d345e6-d82e-46d8-b0e3-5e423dabe476,https://cdn.floridamuseum.ufl.edu/Herp/e158b70e-68c2-41d8-b89f-aaff60eb4a9f,2020-10-14T13:20:15.501697+00:00,0.5454545454545454,fcb3d2e76ebb71ad4aefb832e40e94d4be759f78,"[""dwc_basisofrecord_invalid""]",image/jpeg,true,https://i.creativecommons.org/l/by-nc/4.0/88x31.png,images,,"[""bd7cfd55-bf55-46fc-878d-e6e11f574ccd\\media\\e158b70e-68c2-41d8-b89f-aaff60eb4a9f""]","[""18d345e6-d82e-46d8-b0e3-5e423dabe476""]",bd7cfd55-bf55-46fc-878d-e6e11f574ccd,BY-NC,,image,f539b50e-e6f8-49c1-828a-378f8ed3f153,,http://creativecommons.org/licenses/by-nc/4.0/,,
18d345e6-d82e-46d8-b0e3-5e423dabe476,https://cdn.floridamuseum.ufl.edu/Herp/eaa57752-1d80-408e-ac95-af4b4eb091e4,2020-10-14T13:20:15.501697+00:00,0.5454545454545454,24e616ea6a2557830672a431e8ae75cceaa51730,"[""dwc_basisofrecord_invalid""]",image/jpeg,true,https://i.creativecommons.org/l/by-nc/4.0/88x31.png,images,,"[""bd7cfd55-bf55-46fc-878d-e6e11f574ccd\\media\\eaa57752-1d80-408e-ac95-af4b4eb091e4""]","[""18d345e6-d82e-46d8-b0e3-5e423dabe476""]",bd7cfd55-bf55-46fc-878d-e6e11f574ccd,BY-NC,,image,1ef28c47-b8bd-4eb3-b199-31388fbf4e88,,http://creativecommons.org/licenses/by-nc/4.0/,,
18d345e6-d82e-46d8-b0e3-5e423dabe476,https://cdn.floridamuseum.ufl.edu/Herp/2f20e1cd-09a8-43ed-8e34-b862708a0e6e,2020-10-14T13:20:15.501697+00:00,0.5454545454545454,0207e36e06d2b98637f52d181c2f9f36d1402901,"[""dwc_basisofrecord_invalid""]",image/jpeg,true,https://i.creativecommons.org/l/by-nc/4.0/88x31.png,images,,"[""bd7cfd55-bf55-46fc-878d-e6e11f574ccd\\media\\2f20e1cd-09a8-43ed-8e34-b862708a0e6e""]","[""18d345e6-d82e-46d8-b0e3-5e423dabe476""]",bd7cfd55-bf55-46fc-878d-e6e11f574ccd,BY-NC,,image,f0699440-c354-42df-be5b-def8882bc24c,,http://creativecommons.org/licenses/by-nc/4.0/,,
18d345e6-d82e-46d8-b0e3-5e423dabe476,https://cdn.floridamuseum.ufl.edu/Herp/6c2cc89c-847f-4404-b80a-f37f3bc8fc09,2020-10-14T13:20:15.501697+00:00,0.5454545454545454,f8a99ac704e2c89b91d92d02d539451b89601dd1,"[""dwc_basisofrecord_invalid""]",image/jpeg,true,https://i.creativecommons.org/l/by-nc/4.0/88x31.png,images,,"[""bd7cfd55-bf55-46fc-878d-e6e11f574ccd\\media\\6c2cc89c-847f-4404-b80a-f37f3bc8fc09""]","[""18d345e6-d82e-46d8-b0e3-5e423dabe476""]",bd7cfd55-bf55-46fc-878d-e6e11f574ccd,BY-NC,,image,46cce7ed-9faf-44b8-98b7-013d6c03f3a4,,http://creativecommons.org/licenses/by-nc/4.0/,,
18d345e6-d82e-46d8-b0e3-5e423dabe476,https://cdn.floridamuseum.ufl.edu/Herp/0362e3e0-cfdd-4916-a1be-d43f02aafdb1,2020-10-14T13:20:15.501697+00:00,0.5454545454545454,50bd875604c6edb856d2052434d985af74e878e1,"[""dwc_basisofrecord_invalid""]",image/jpeg,true,https://i.creativecommons.org/l/by-nc/4.0/88x31.png,images,,"[""bd7cfd55-bf55-46fc-878d-e6e11f574ccd\\media\\0362e3e0-cfdd-4916-a1be-d43f02aafdb1""]","[""18d345e6-d82e-46d8-b0e3-5e423dabe476""]",bd7cfd55-bf55-46fc-878d-e6e11f574ccd,BY-NC,,image,e71a85d7-7cb7-4bec-87b8-f51e9aac7acd,,http://creativecommons.org/licenses/by-nc/4.0/,,
18d345e6-d82e-46d8-b0e3-5e423dabe476,https://cdn.floridamuseum.ufl.edu/Herp/e2b67c6b-6c2f-40f6-a955-9677bb88a490,2020-10-14T13:20:15.501697+00:00,0.5454545454545454,fa09fc9b42d78d06abe201533314a9664edd6289,"[""dwc_basisofrecord_invalid""]",image/jpeg,true,https://i.creativecommons.org/l/by-nc/4.0/88x31.png,images,,"[""bd7cfd55-bf55-46fc-878d-e6e11f574ccd\\media\\e2b67c6b-6c2f-40f6-a955-9677bb88a490""]","[""18d345e6-d82e-46d8-b0e3-5e423dabe476""]",bd7cfd55-bf55-46fc-878d-e6e11f574ccd,BY-NC,,image,ee2de6f7-8053-4289-a9a6-97d76faf236d,,http://creativecommons.org/licenses/by-nc/4.0/,,
18d345e6-d82e-46d8-b0e3-5e423dabe476,https://cdn.floridamuseum.ufl.edu/Herp/dbc956cc-830c-4e86-8b16-4c226cd426ee,2020-10-14T13:20:15.501697+00:00,0.5454545454545454,60a2e51be6a300441b0ddabc80a70483e380583b,"[""dwc_basisofrecord_invalid""]",image/jpeg,true,https://i.creativecommons.org/l/by-nc/4.0/88x31.png,images,,"[""bd7cfd55-bf55-46fc-878d-e6e11f574ccd\\media\\dbc956cc-830c-4e86-8b16-4c226cd426ee""]","[""18d345e6-d82e-46d8-b0e3-5e423dabe476""]",bd7cfd55-bf55-46fc-878d-e6e11f574ccd,BY-NC,,image,2d86b628-adfc-49f2-97d9-bafb669ead89,,http://creativecommons.org/licenses/by-nc/4.0/,,
860a6b0a-cbaf-41a1-8a3a-a4c8819a344e,"https://images.collections.yale.edu/iiif/2/ypm:b68a7bb4-4ced-47a0-bb03-2200302a60cb/full/!1920,1920/0/default.jpg",2022-04-27T11:55:23.349641+00:00,0.5454545454545454,db02c606efcf8a74e1f327668c6bb2d6f5a3f27b,"[""dwc_basisofrecord_invalid""]",image/jpeg,true,http://i.creativecommons.org/p/zero/1.0/88x31.png,images,,"[""cf60ed8a-2c79-4b85-a259-15a8e216dae4\\media\\urn:uuid:b68a7bb4-4ced-47a0-bb03-2200302a60cb""]","[""860a6b0a-cbaf-41a1-8a3a-a4c8819a344e""]",cf60ed8a-2c79-4b85-a259-15a8e216dae4,CC0,,stillimage,18695242-d4a9-4350-acf4-b8b6e235a1f6,,http://creativecommons.org/publicdomain/zero/1.0/,,
218767ba-4033-4d4a-9a68-3cb511bd2786,"https://images.collections.yale.edu/iiif/2/ypm:48c3a111-d6bd-4ad7-a666-f5e8420688b0/full/!1920,1920/0/default.jpg",2022-04-27T11:55:23.349641+00:00,0.5454545454545454,ee5a4af3276ab3bf5caea636792e17be74ed9333,"[""dwc_basisofrecord_invalid""]",image/jpeg,true,http://i.creativecommons.org/p/zero/1.0/88x31.png,images,,"[""cf60ed8a-2c79-4b85-a259-15a8e216dae4\\media\\urn:uuid:48c3a111-d6bd-4ad7-a666-f5e8420688b0""]","[""218767ba-4033-4d4a-9a68-3cb511bd2786""]",cf60ed8a-2c79-4b85-a259-15a8e216dae4,CC0,,stillimage,89c528a0-9c59-4bc3-bd39-a88357f06d50,,http://creativecommons.org/publicdomain/zero/1.0/,,
860a6b0a-cbaf-41a1-8a3a-a4c8819a344e,"https://images.collections.yale.edu/iiif/2/ypm:4feee9e8-5efb-420e-a24e-ca3ee138de51/full/!1920,1920/0/default.jpg",2022-04-27T11:55:23.349641+00:00,0.5454545454545454,30078eec9a0cc42f687bf3fe7004fb7afd54becc,"[""dwc_basisofrecord_invalid""]",image/jpeg,true,http://i.creativecommons.org/p/zero/1.0/88x31.png,images,,"[""cf60ed8a-2c79-4b85-a259-15a8e216dae4\\media\\urn:uuid:4feee9e8-5efb-420e-a24e-ca3ee138de51""]","[""860a6b0a-cbaf-41a1-8a3a-a4c8819a344e""]",cf60ed8a-2c79-4b85-a259-15a8e216dae4,CC0,,stillimage,3b6e9f0b-d580-4229-95a3-115d53b99a40,,http://creativecommons.org/publicdomain/zero/1.0/,,
edcbff78-6e93-499e-93f7-25c1c5fd6e2b,http://arctos.database.museum/media/10612312?open,2021-10-28T01:57:41.549041+00:00,0.36363636363636365,f829a589fb98bb9a737fc4bfb270355d28ffa538,"[""dwc_basisofrecord_invalid""]",image/jpeg,true,,images,2021-09-26T00:00:00+00:00,"[""a2bc3d61-3c37-4aca-b47d-c3413f7e3b87\\media\\http://arctos.database.museum/media/10612312""]","[""edcbff78-6e93-499e-93f7-25c1c5fd6e2b""]",a2bc3d61-3c37-4aca-b47d-c3413f7e3b87,,,image,87c3de2b-7c58-48e1-8035-8f0d88802572,,,,
fe64f91d-dd20-4e34-9c60-fb1c2c304719,https://data.nhm.ac.uk/media/69f72489-0d98-4739-b8b4-fc2326a2b897,2022-02-07T13:10:31.725582+00:00,0.45454545454545453,b3ce22b5cea443e98ecc83a424c2b6420c1ff9f2,"[""dwc_basisofrecord_invalid""]",image/jpeg,true,https://i.creativecommons.org/l/by/4.0/88x31.png,images,,"[""3c9420c9-c4a8-47dc-88b7-b5638ca5e716\\media\\https://data.nhm.ac.uk/media/69f72489-0d98-4739-b8b4-fc2326a2b897""]","[""fe64f91d-dd20-4e34-9c60-fb1c2c304719""]",3c9420c9-c4a8-47dc-88b7-b5638ca5e716,BY,,,e211c082-2102-493c-9792-24698e907eeb,,http://creativecommons.org/licenses/by/4.0/,,
e043a6d7-868a-4300-87cb-d8c80cb889ba,https://data.nhm.ac.uk/media/cac30bbc-87fd-49a1-b77d-48f07a6dd161,2022-02-07T13:10:31.725582+00:00,0.45454545454545453,9adf33923a3e8fdcd2cc6c7d2992986338e098ca,"[""dwc_basisofrecord_invalid""]",image/jp2,true,https://i.creativecommons.org/l/by/4.0/88x31.png,images,,"[""3c9420c9-c4a8-47dc-88b7-b5638ca5e716\\media\\https://data.nhm.ac.uk/media/cac30bbc-87fd-49a1-b77d-48f07a6dd161""]","[""e043a6d7-868a-4300-87cb-d8c80cb889ba""]",3c9420c9-c4a8-47dc-88b7-b5638ca5e716,BY,,,7d80d7ce-ab57-487e-8147-02beb0813952,,http://creativecommons.org/licenses/by/4.0/,,
e043a6d7-868a-4300-87cb-d8c80cb889ba,https://data.nhm.ac.uk/media/808f57de-bd88-49b2-bd99-145babb12df0,2022-02-07T13:10:31.725582+00:00,0.45454545454545453,ba373db3f9a8e3e2ce4543b80ece91c4087cdcbc,"[""dwc_basisofrecord_invalid""]",image/jp2,true,https://i.creativecommons.org/l/by/4.0/88x31.png,images,,"[""3c9420c9-c4a8-47dc-88b7-b5638ca5e716\\media\\https://data.nhm.ac.uk/media/808f57de-bd88-49b2-bd99-145babb12df0""]","[""e043a6d7-868a-4300-87cb-d8c80cb889ba""]",3c9420c9-c4a8-47dc-88b7-b5638ca5e716,BY,,,0e7d088d-2646-4690-89fa-ed7fa5a1cbb7,,http://creativecommons.org/licenses/by/4.0/,,
5476b803-8e99-43c4-bef6-67a21240a3fd,https://data.nhm.ac.uk/media/20fa56fe-a890-4886-bc1a-b037da6ec1cf,2022-02-07T13:10:31.725582+00:00,0.45454545454545453,8e36a6bfbe656be75f04f06705ef85dec90d38f7,"[""dwc_basisofrecord_invalid""]",image/jp2,true,https://i.creativecommons.org/l/by/4.0/88x31.png,images,,"[""3c9420c9-c4a8-47dc-88b7-b5638ca5e716\\media\\https://data.nhm.ac.uk/media/20fa56fe-a890-4886-bc1a-b037da6ec1cf""]","[""5476b803-8e99-43c4-bef6-67a21240a3fd""]",3c9420c9-c4a8-47dc-88b7-b5638ca5e716,BY,,,4e1d11c3-dad5-40a4-a7b4-5d3f30e03108,,http://creativecommons.org/licenses/by/4.0/,,
5476b803-8e99-43c4-bef6-67a21240a3fd,https://data.nhm.ac.uk/media/bf983da6-a59d-4d35-804f-d99558adb1df,2022-02-07T13:10:31.725582+00:00,0.45454545454545453,c6fcc0e46c8b3e07152801b9b1d8c57e10739492,"[""dwc_basisofrecord_invalid""]",image/jpeg,true,https://i.creativecommons.org/l/by/4.0/88x31.png,images,,"[""3c9420c9-c4a8-47dc-88b7-b5638ca5e716\\media\\https://data.nhm.ac.uk/media/bf983da6-a59d-4d35-804f-d99558adb1df""]","[""5476b803-8e99-43c4-bef6-67a21240a3fd""]",3c9420c9-c4a8-47dc-88b7-b5638ca5e716,BY,,,f3ef5872-c34c-406b-b336-e57aac0023b9,,http://creativecommons.org/licenses/by/4.0/,,
e30b4030-ac87-47ca-99ca-6cecd6d5706a,https://data.nhm.ac.uk/media/1254ead4-1d6f-4db8-a190-f02e80815f4f,2022-02-07T13:10:31.725582+00:00,0.45454545454545453,ca7254d9692babcbac38fa310df9f18279cf5665,"[""dwc_basisofrecord_invalid""]",image/jpeg,true,https://i.creativecommons.org/l/by/4.0/88x31.png,images,,"[""3c9420c9-c4a8-47dc-88b7-b5638ca5e716\\media\\https://data.nhm.ac.uk/media/1254ead4-1d6f-4db8-a190-f02e80815f4f""]","[""e30b4030-ac87-47ca-99ca-6cecd6d5706a""]",3c9420c9-c4a8-47dc-88b7-b5638ca5e716,BY,,,0e6d64ab-0983-41a8-a8e2-622f6ff7203a,,http://creativecommons.org/licenses/by/4.0/,,
38ab1391-2361-4170-add6-f0b7a078ef45,https://data.nhm.ac.uk/media/17f49ecb-3042-4182-9c34-ffa74bf21e4f,2022-02-07T13:10:31.725582+00:00,0.45454545454545453,c1affdbdbc75ca5922f028360dd8f85441b2aa1d,"[""dwc_basisofrecord_invalid""]",image/jpeg,true,https://i.creativecommons.org/l/by/4.0/88x31.png,images,,"[""3c9420c9-c4a8-47dc-88b7-b5638ca5e716\\media\\https://data.nhm.ac.uk/media/17f49ecb-3042-4182-9c34-ffa74bf21e4f""]","[""38ab1391-2361-4170-add6-f0b7a078ef45""]",3c9420c9-c4a8-47dc-88b7-b5638ca5e716,BY,,,206e91e8-0926-4511-b616-f16ea70d338b,,http://creativecommons.org/licenses/by/4.0/,,
29a06793-67ef-43d8-9cce-709feec489e7,https://data.nhm.ac.uk/media/583b1e5e-483c-4f15-8e12-e811ad0bf358,2022-02-07T13:10:31.725582+00:00,0.45454545454545453,753777e2759fa06213ca0818a5dfd0a7da929cf3,"[""dwc_basisofrecord_invalid""]",image/jpeg,true,https://i.creativecommons.org/l/by/4.0/88x31.png,images,,"[""3c9420c9-c4a8-47dc-88b7-b5638ca5e716\\media\\https://data.nhm.ac.uk/media/583b1e5e-483c-4f15-8e12-e811ad0bf358""]","[""29a06793-67ef-43d8-9cce-709feec489e7""]",3c9420c9-c4a8-47dc-88b7-b5638ca5e716,BY,,,446ef74c-9ffa-4060-a25a-27301afc9429,,http://creativecommons.org/licenses/by/4.0/,,
29a06793-67ef-43d8-9cce-709feec489e7,https://data.nhm.ac.uk/media/a447b21d-25e5-4538-982c-57dac1471a8e,2022-02-07T13:10:31.725582+00:00,0.45454545454545453,510376c2c4f9cbb249db57dce9e9af251d2d586d,"[""dwc_basisofrecord_invalid""]",image/jpeg,true,https://i.creativecommons.org/l/by/4.0/88x31.png,images,,"[""3c9420c9-c4a8-47dc-88b7-b5638ca5e716\\media\\https://data.nhm.ac.uk/media/a447b21d-25e5-4538-982c-57dac1471a8e""]","[""29a06793-67ef-43d8-9cce-709feec489e7""]",3c9420c9-c4a8-47dc-88b7-b5638ca5e716,BY,,,66b5078d-e80e-4d41-8000-2a2f59f57567,,http://creativecommons.org/licenses/by/4.0/,,
821bbd7c-b210-4a08-9baa-6465f96633ab,https://mczbase.mcz.harvard.edu/specimen_images/herpetology/large/R33601_C_acutus_MandibleLateral.jpg,2022-04-27T12:38:15.248739+00:00,0.45454545454545453,08b89aa12b14a1da1565d498ef5561934bf9e0ab,"[""dwc_basisofrecord_invalid""]",image/jpeg,true,,images,2019-08-06T00:00:00+00:00,"[""271a9ce9-c6d3-4b63-a722-cb0adc48863f\\media\\http://mczbase.mcz.harvard.edu/media/1472989""]","[""821bbd7c-b210-4a08-9baa-6465f96633ab""]",271a9ce9-c6d3-4b63-a722-cb0adc48863f,,,stillimage,0138f514-c06a-4b03-8114-ee7ebff4fd71,,,,1000
821bbd7c-b210-4a08-9baa-6465f96633ab,https://mczbase.mcz.harvard.edu/specimen_images/herpetology/large/R33601_C_acutus_MandibleMedial.jpg,2022-04-27T12:38:15.248739+00:00,0.45454545454545453,a2df98aacae5f627551df895e91b788520401176,"[""dwc_basisofrecord_invalid""]",image/jpeg,true,,images,2019-08-06T00:00:00+00:00,"[""271a9ce9-c6d3-4b63-a722-cb0adc48863f\\media\\http://mczbase.mcz.harvard.edu/media/1472990""]","[""821bbd7c-b210-4a08-9baa-6465f96633ab""]",271a9ce9-c6d3-4b63-a722-cb0adc48863f,,,stillimage,b1cd9c8c-4b69-4fc0-9f4b-2c4936e18cb7,,,,1000
821bbd7c-b210-4a08-9baa-6465f96633ab,https://mczbase.mcz.harvard.edu/specimen_images/herpetology/large/R33601_C_acutus_SkullDorsal.jpg,2022-04-27T12:38:15.248739+00:00,0.45454545454545453,273a6df409901a4d61973501067bb716f1092e1f,"[""dwc_basisofrecord_invalid""]",image/jpeg,true,,images,2019-08-06T00:00:00+00:00,"[""271a9ce9-c6d3-4b63-a722-cb0adc48863f\\media\\http://mczbase.mcz.harvard.edu/media/1472991""]","[""821bbd7c-b210-4a08-9baa-6465f96633ab""]",271a9ce9-c6d3-4b63-a722-cb0adc48863f,,,stillimage,195fade8-42f7-4c33-9e65-8cec454d4dac,,,,1000
821bbd7c-b210-4a08-9baa-6465f96633ab,https://mczbase.mcz.harvard.edu/specimen_images/herpetology/large/R33601_C_acutus_SkullLeftLateral.jpg,2022-04-27T12:38:15.248739+00:00,0.45454545454545453,c62c86dfd4d9ec71831bc2ac5577e882c635d110,"[""dwc_basisofrecord_invalid""]",image/jpeg,true,,images,2019-08-06T00:00:00+00:00,"[""271a9ce9-c6d3-4b63-a722-cb0adc48863f\\media\\http://mczbase.mcz.harvard.edu/media/1472992""]","[""821bbd7c-b210-4a08-9baa-6465f96633ab""]",271a9ce9-c6d3-4b63-a722-cb0adc48863f,,,stillimage,6f063dff-b81f-44b7-9924-cdb7b4d065e7,,,,1000
821bbd7c-b210-4a08-9baa-6465f96633ab,https://mczbase.mcz.harvard.edu/specimen_images/herpetology/large/R33601_C_acutus_SkullVentral.jpg,2022-04-27T12:38:15.248739+00:00,0.45454545454545453,336e52752145cecb6b572a17e6e57468bd8d6463,"[""dwc_basisofrecord_invalid""]",image/jpeg,true,,images,2019-08-06T00:00:00+00:00,"[""271a9ce9-c6d3-4b63-a722-cb0adc48863f\\media\\http://mczbase.mcz.harvard.edu/media/1472993""]","[""821bbd7c-b210-4a08-9baa-6465f96633ab""]",271a9ce9-c6d3-4b63-a722-cb0adc48863f,,,stillimage,a2dde64b-82ba-4314-a58b-1c87454f44d7,,,,1000
c8dc6938-7b2d-4e09-ba22-67054b54f047,https://mczbase.mcz.harvard.edu/specimen_images/herpetology/ct_data/deliverable/R8047_C_moreletti_3D_skullplus.pdf,2022-04-27T12:38:15.248739+00:00,0.2727272727272727,dff28e2355930b664a5d73c2e843b1d38c85d7f1,"[""dwc_basisofrecord_invalid""]",application/pdf,true,,,2016-12-08T00:00:00+00:00,"[""271a9ce9-c6d3-4b63-a722-cb0adc48863f\\media\\http://mczbase.mcz.harvard.edu/media/1323927""]","[""c8dc6938-7b2d-4e09-ba22-67054b54f047""]",271a9ce9-c6d3-4b63-a722-cb0adc48863f,,,text,3e2665f7-2657-4e5a-8b00-bff1148ac8d7,,,,
c8dc6938-7b2d-4e09-ba22-67054b54f047,https://mczbase.mcz.harvard.edu/specimen_images/herpetology/large/R8047_C_moreletii_dx.jpg,2022-04-27T12:38:15.248739+00:00,0.45454545454545453,123be1710ce336f12fa9b640485f72a8e8b5f8d7,"[""dwc_basisofrecord_invalid""]",image/jpeg,true,,images,2008-12-04T00:00:00+00:00,"[""271a9ce9-c6d3-4b63-a722-cb0adc48863f\\media\\http://mczbase.mcz.harvard.edu/media/4048""]","[""c8dc6938-7b2d-4e09-ba22-67054b54f047""]",271a9ce9-c6d3-4b63-a722-cb0adc48863f,,,stillimage,ef6bc2dd-9ab6-4b9e-a0bc-fc82d198bd07,,,,1000
a886690c-7365-4e3e-8b30-ea73bb7055e6,https://data.nhm.ac.uk/media/93e36fc8-d886-4bb0-9bff-09cd377db5af,2022-02-07T13:10:31.725582+00:00,0.45454545454545453,07e87fcd3abe136667c89600c3a3424150411d89,"[""dwc_basisofrecord_invalid""]",image/jp2,true,https://i.creativecommons.org/l/by/4.0/88x31.png,images,,"[""3c9420c9-c4a8-47dc-88b7-b5638ca5e716\\media\\https://data.nhm.ac.uk/media/93e36fc8-d886-4bb0-9bff-09cd377db5af""]","[""a886690c-7365-4e3e-8b30-ea73bb7055e6""]",3c9420c9-c4a8-47dc-88b7-b5638ca5e716,BY,,,d63ba5d4-c0c5-4e1e-9332-4bb7a0d3ae1a,,http://creativecommons.org/licenses/by/4.0/,,
ef31a508-fcba-4d5f-a773-b5703b1a6f38,https://mczbase.mcz.harvard.edu/specimen_images/herpetology/large/R2720_C_acutus_dx.jpg,2022-04-27T12:38:15.248739+00:00,0.45454545454545453,2828efbd70cae2446d8d7aa40dbfd0c3409c98f6,"[""dwc_basisofrecord_invalid""]",image/jpeg,true,,images,2008-12-04T00:00:00+00:00,"[""271a9ce9-c6d3-4b63-a722-cb0adc48863f\\media\\http://mczbase.mcz.harvard.edu/media/3072""]","[""ef31a508-fcba-4d5f-a773-b5703b1a6f38""]",271a9ce9-c6d3-4b63-a722-cb0adc48863f,,,stillimage,d91b495e-de4d-4060-a519-a586c97c89e1,,,,1000
16c55230-0a63-45af-b085-e61f06694b44,"https://images.collections.yale.edu/iiif/2/ypm:86c6350a-9b1b-4c51-a3b2-51d20f4b9b78/full/!1920,1920/0/default.jpg",2022-04-27T11:55:23.349641+00:00,0.5454545454545454,2a6fe920779eb0982dc8ad8a5051669ec549a9e0,"[""dwc_basisofrecord_invalid""]",image/jpeg,true,http://i.creativecommons.org/p/zero/1.0/88x31.png,images,,"[""cf60ed8a-2c79-4b85-a259-15a8e216dae4\\media\\urn:uuid:86c6350a-9b1b-4c51-a3b2-51d20f4b9b78""]","[""16c55230-0a63-45af-b085-e61f06694b44""]",cf60ed8a-2c79-4b85-a259-15a8e216dae4,CC0,,stillimage,df82c0e8-167b-41c1-b0c5-1af45434c9fe,,http://creativecommons.org/publicdomain/zero/1.0/,,
61ffbece-6787-417e-b9f6-8db26617f814,"https://images.collections.yale.edu/iiif/2/ypm:e83948fb-1c8e-4fce-a477-fe860484526d/full/!1920,1920/0/default.jpg",2022-04-27T11:55:23.349641+00:00,0.5454545454545454,fda41cc6a541817c8d6657d3cfb3cb97b2d6afc6,"[""dwc_basisofrecord_invalid""]",image/jpeg,true,http://i.creativecommons.org/p/zero/1.0/88x31.png,images,,"[""cf60ed8a-2c79-4b85-a259-15a8e216dae4\\media\\urn:uuid:e83948fb-1c8e-4fce-a477-fe860484526d""]","[""61ffbece-6787-417e-b9f6-8db26617f814""]",cf60ed8a-2c79-4b85-a259-15a8e216dae4,CC0,,stillimage,81c236e1-4d21-48cd-b5ab-1ed518beac67,,http://creativecommons.org/publicdomain/zero/1.0/,,
2e3333be-2fda-4266-9310-e989f63f716f,https://mczbase.mcz.harvard.edu/specimen_images/herpetology/large/R17725_C_porosus_skl4.jpg,2022-04-27T12:38:15.248739+00:00,0.45454545454545453,0beea698bf31bd760fca483afdd482616ad1ca0d,"[""dwc_basisofrecord_invalid""]",image/jpeg,true,,images,2012-06-07T00:00:00+00:00,"[""271a9ce9-c6d3-4b63-a722-cb0adc48863f\\media\\http://mczbase.mcz.harvard.edu/media/72285""]","[""2e3333be-2fda-4266-9310-e989f63f716f""]",271a9ce9-c6d3-4b63-a722-cb0adc48863f,,,stillimage,d83ec06a-da40-45fa-8c60-7fabfcf27b66,,,,1000
2e3333be-2fda-4266-9310-e989f63f716f,https://mczbase.mcz.harvard.edu/specimen_images/herpetology/large/R17725_C_porosus_sk_ant1.jpg,2022-04-27T12:38:15.248739+00:00,0.45454545454545453,66490061704d0ad865b46745a9e6ac82158a9b15,"[""dwc_basisofrecord_invalid""]",image/jpeg,true,,images,2012-06-07T00:00:00+00:00,"[""271a9ce9-c6d3-4b63-a722-cb0adc48863f\\media\\http://mczbase.mcz.harvard.edu/media/72282""]","[""2e3333be-2fda-4266-9310-e989f63f716f""]",271a9ce9-c6d3-4b63-a722-cb0adc48863f,,,stillimage,ab57ee80-6394-4415-b872-33eeac138321,,,,1000
2e3333be-2fda-4266-9310-e989f63f716f,https://mczbase.mcz.harvard.edu/specimen_images/herpetology/large/R17725_C_porosus_label2.jpg,2022-04-27T12:38:15.248739+00:00,0.45454545454545453,920593a86cc9cc21501addd794c3913f0a899efa,"[""dwc_basisofrecord_invalid""]",image/jpeg,true,,images,2012-06-07T00:00:00+00:00,"[""271a9ce9-c6d3-4b63-a722-cb0adc48863f\\media\\http://mczbase.mcz.harvard.edu/media/72273""]","[""2e3333be-2fda-4266-9310-e989f63f716f""]",271a9ce9-c6d3-4b63-a722-cb0adc48863f,,,stillimage,507ff0e3-8707-497c-af35-4a8b81393218,,,,1000
2e3333be-2fda-4266-9310-e989f63f716f,https://mczbase.mcz.harvard.edu/specimen_images/herpetology/large/R17725_C_porosus_jawl1.jpg,2022-04-27T12:38:15.248739+00:00,0.45454545454545453,aa3e7d9809426bab6630c0b470f8e1da06003456,"[""dwc_basisofrecord_invalid""]",image/jpeg,true,,images,2012-06-07T00:00:00+00:00,"[""271a9ce9-c6d3-4b63-a722-cb0adc48863f\\media\\http://mczbase.mcz.harvard.edu/media/72274""]","[""2e3333be-2fda-4266-9310-e989f63f716f""]",271a9ce9-c6d3-4b63-a722-cb0adc48863f,,,stillimage,0d403c88-e1a9-4278-b830-dfb273a8b464,,,,1000
2e3333be-2fda-4266-9310-e989f63f716f,https://mczbase.mcz.harvard.edu/specimen_images/herpetology/large/R17725_C_porosus_sk_occ.jpg,2022-04-27T12:38:15.248739+00:00,0.45454545454545453,464aaec81ba5dd81e3544c69d592ccaf3ebc5d98,"[""dwc_basisofrecord_invalid""]",image/jpeg,true,,images,2012-06-07T00:00:00+00:00,"[""271a9ce9-c6d3-4b63-a722-cb0adc48863f\\media\\http://mczbase.mcz.harvard.edu/media/72281""]","[""2e3333be-2fda-4266-9310-e989f63f716f""]",271a9ce9-c6d3-4b63-a722-cb0adc48863f,,,stillimage,b0653194-2dfd-4077-84c7-ecd7bc8cc9d4,,,,1000
2e3333be-2fda-4266-9310-e989f63f716f,https://mczbase.mcz.harvard.edu/specimen_images/herpetology/large/R17725_C_porosus_jaw_pos.jpg,2022-04-27T12:38:15.248739+00:00,0.45454545454545453,02407a676cad1f40c8a99d7fe8a176efc759c741,"[""dwc_basisofrecord_invalid""]",image/jpeg,true,,images,2012-06-07T00:00:00+00:00,"[""271a9ce9-c6d3-4b63-a722-cb0adc48863f\\media\\http://mczbase.mcz.harvard.edu/media/72278""]","[""2e3333be-2fda-4266-9310-e989f63f716f""]",271a9ce9-c6d3-4b63-a722-cb0adc48863f,,,stillimage,0821a511-378c-4b42-84a2-7ef01ede5fac,,,,1000
2e3333be-2fda-4266-9310-e989f63f716f,https://mczbase.mcz.harvard.edu/specimen_images/herpetology/large/R17725_C_porosus_skd1.jpg,2022-04-27T12:38:15.248739+00:00,0.45454545454545453,a2af6e765b2f010f4c69e01590ed4e1c529941c1,"[""dwc_basisofrecord_invalid""]",image/jpeg,true,,images,2012-06-07T00:00:00+00:00,"[""271a9ce9-c6d3-4b63-a722-cb0adc48863f\\media\\http://mczbase.mcz.harvard.edu/media/72270""]","[""2e3333be-2fda-4266-9310-e989f63f716f""]",271a9ce9-c6d3-4b63-a722-cb0adc48863f,,,stillimage,d0d783b9-ebd0-4d4e-a667-8d8ac550f02e,,,,1000
2e3333be-2fda-4266-9310-e989f63f716f,https://mczbase.mcz.harvard.edu/specimen_images/herpetology/large/R17725_C_porosus_skl2.jpg,2022-04-27T12:38:15.248739+00:00,0.45454545454545453,ca85cd7c1d7edf6385b086c6f5dba183a8f5c54c,"[""dwc_basisofrecord_invalid""]",image/jpeg,true,,images,2012-06-07T00:00:00+00:00,"[""271a9ce9-c6d3-4b63-a722-cb0adc48863f\\media\\http://mczbase.mcz.harvard.edu/media/72280""]","[""2e3333be-2fda-4266-9310-e989f63f716f""]",271a9ce9-c6d3-4b63-a722-cb0adc48863f,,,stillimage,e2056bd1-62b0-42c2-b470-19be84eda676,,,,1000
2e3333be-2fda-4266-9310-e989f63f716f,https://mczbase.mcz.harvard.edu/specimen_images/herpetology/large/R17725_C_porosus_skl3.jpg,2022-04-27T12:38:15.248739+00:00,0.45454545454545453,19ca1bdc7bd015577e3039a45cb019d310d9725d,"[""dwc_basisofrecord_invalid""]",image/jpeg,true,,images,2012-06-07T00:00:00+00:00,"[""271a9ce9-c6d3-4b63-a722-cb0adc48863f\\media\\http://mczbase.mcz.harvard.edu/media/72284""]","[""2e3333be-2fda-4266-9310-e989f63f716f""]",271a9ce9-c6d3-4b63-a722-cb0adc48863f,,,stillimage,de567986-7027-4daa-bf4f-3996b05d9933,,,,1000
2e3333be-2fda-4266-9310-e989f63f716f,https://mczbase.mcz.harvard.edu/specimen_images/herpetology/large/R17725_C_porosus_jawl2.jpg,2022-04-27T12:38:15.248739+00:00,0.45454545454545453,4afd07b99fbd7bd109e25d271f7680973074a1b1,"[""dwc_basisofrecord_invalid""]",image/jpeg,true,,images,2012-06-07T00:00:00+00:00,"[""271a9ce9-c6d3-4b63-a722-cb0adc48863f\\media\\http://mczbase.mcz.harvard.edu/media/72275""]","[""2e3333be-2fda-4266-9310-e989f63f716f""]",271a9ce9-c6d3-4b63-a722-cb0adc48863f,,,stillimage,71051696-2ed3-4d66-837d-9ac4a8102f07,,,,1000
2e3333be-2fda-4266-9310-e989f63f716f,https://mczbase.mcz.harvard.edu/specimen_images/herpetology/large/R17725_C_porosus_label1.jpg,2022-04-27T12:38:15.248739+00:00,0.45454545454545453,72104ea4252d645fd3e646d4eb3bb73cc354959b,"[""dwc_basisofrecord_invalid""]",image/jpeg,true,,images,2012-06-07T00:00:00+00:00,"[""271a9ce9-c6d3-4b63-a722-cb0adc48863f\\media\\http://mczbase.mcz.harvard.edu/media/72272""]","[""2e3333be-2fda-4266-9310-e989f63f716f""]",271a9ce9-c6d3-4b63-a722-cb0adc48863f,,,stillimage,90250f60-b4a4-41e7-9651-aea64a614355,,,,1000
2e3333be-2fda-4266-9310-e989f63f716f,https://mczbase.mcz.harvard.edu/specimen_images/herpetology/large/R17725_C_porosus_jawv.jpg,2022-04-27T12:38:15.248739+00:00,0.45454545454545453,9a32e2cbefb7fb93081d83d4bb6090062e6819d0,"[""dwc_basisofrecord_invalid""]",image/jpeg,true,,images,2012-06-07T00:00:00+00:00,"[""271a9ce9-c6d3-4b63-a722-cb0adc48863f\\media\\http://mczbase.mcz.harvard.edu/media/72269""]","[""2e3333be-2fda-4266-9310-e989f63f716f""]",271a9ce9-c6d3-4b63-a722-cb0adc48863f,,,stillimage,7d7014e7-3558-473a-85ba-d4f8f2db82ce,,,,1000
2e3333be-2fda-4266-9310-e989f63f716f,https://mczbase.mcz.harvard.edu/specimen_images/herpetology/large/R17725_C_porosus_skv.jpg,2022-04-27T12:38:15.248739+00:00,0.45454545454545453,bc54ec6d407d42381b05737cd864e4887e761d9b,"[""dwc_basisofrecord_invalid""]",image/jpeg,true,,images,2012-06-07T00:00:00+00:00,"[""271a9ce9-c6d3-4b63-a722-cb0adc48863f\\media\\http://mczbase.mcz.harvard.edu/media/72271""]","[""2e3333be-2fda-4266-9310-e989f63f716f""]",271a9ce9-c6d3-4b63-a722-cb0adc48863f,,,stillimage,5315af81-64b8-461e-8a16-39992eae654f,,,,1000
2e3333be-2fda-4266-9310-e989f63f716f,https://mczbase.mcz.harvard.edu/specimen_images/herpetology/large/R17725_C_porosus_jaw_occ.jpg,2022-04-27T12:38:15.248739+00:00,0.45454545454545453,69fde699e72296178206f9ab305ae3eaf1ba81f9,"[""dwc_basisofrecord_invalid""]",image/jpeg,true,,images,2012-06-07T00:00:00+00:00,"[""271a9ce9-c6d3-4b63-a722-cb0adc48863f\\media\\http://mczbase.mcz.harvard.edu/media/72276""]","[""2e3333be-2fda-4266-9310-e989f63f716f""]",271a9ce9-c6d3-4b63-a722-cb0adc48863f,,,stillimage,ce481224-8b37-4977-8bfb-9b38df763a17,,,,1000
2e3333be-2fda-4266-9310-e989f63f716f,https://mczbase.mcz.harvard.edu/specimen_images/herpetology/large/R17725_C_porosus_jaw_ant.jpg,2022-04-27T12:38:15.248739+00:00,0.45454545454545453,373a9cd10a006ee4b5f0b10d0e05002ac788c2e5,"[""dwc_basisofrecord_invalid""]",image/jpeg,true,,images,2012-06-07T00:00:00+00:00,"[""271a9ce9-c6d3-4b63-a722-cb0adc48863f\\media\\http://mczbase.mcz.harvard.edu/media/72277""]","[""2e3333be-2fda-4266-9310-e989f63f716f""]",271a9ce9-c6d3-4b63-a722-cb0adc48863f,,,stillimage,23c933fc-5d49-44a7-bb88-9a7cff4a53a5,,,,1000
2e3333be-2fda-4266-9310-e989f63f716f,https://mczbase.mcz.harvard.edu/specimen_images/herpetology/large/R17725_C_porosus_skl1.jpg,2022-04-27T12:38:15.248739+00:00,0.45454545454545453,0b286fd1ca7cae883a5d18e1364a71d51d090e1b,"[""dwc_basisofrecord_invalid""]",image/jpeg,true,,images,2012-06-07T00:00:00+00:00,"[""271a9ce9-c6d3-4b63-a722-cb0adc48863f\\media\\http://mczbase.mcz.harvard.edu/media/72279""]","[""2e3333be-2fda-4266-9310-e989f63f716f""]",271a9ce9-c6d3-4b63-a722-cb0adc48863f,,,stillimage,d78cde66-b380-4b9f-8e39-e9421209bcf8,,,,1000
2e3333be-2fda-4266-9310-e989f63f716f,https://mczbase.mcz.harvard.edu/specimen_images/herpetology/large/R17725_C_porosus_sk_ant2.jpg,2022-04-27T12:38:15.248739+00:00,0.45454545454545453,0d0850fd8d955015a5c0f2128250024753f02bf1,"[""dwc_basisofrecord_invalid""]",image/jpeg,true,,images,2012-06-07T00:00:00+00:00,"[""271a9ce9-c6d3-4b63-a722-cb0adc48863f\\media\\http://mczbase.mcz.harvard.edu/media/72286""]","[""2e3333be-2fda-4266-9310-e989f63f716f""]",271a9ce9-c6d3-4b63-a722-cb0adc48863f,,,stillimage,ee404dc3-bb8b-4435-b6e4-dce5b993ccfe,,,,1000
2e3333be-2fda-4266-9310-e989f63f716f,https://mczbase.mcz.harvard.edu/specimen_images/herpetology/large/R17725_C_porosus_sk_pos1.jpg,2022-04-27T12:38:15.248739+00:00,0.45454545454545453,9634b3e2c631ccdb19172ef097b461abd7ac4ff6,"[""dwc_basisofrecord_invalid""]",image/jpeg,true,,images,2012-06-07T00:00:00+00:00,"[""271a9ce9-c6d3-4b63-a722-cb0adc48863f\\media\\http://mczbase.mcz.harvard.edu/media/72283""]","[""2e3333be-2fda-4266-9310-e989f63f716f""]",271a9ce9-c6d3-4b63-a722-cb0adc48863f,,,stillimage,eb7733f4-1825-4e3e-b6d6-33e2863b55b3,,,,1000
2e3333be-2fda-4266-9310-e989f63f716f,https://mczbase.mcz.harvard.edu/specimen_images/herpetology/large/R17725_C_porosus_skd2.jpg,2022-04-27T12:38:15.248739+00:00,0.45454545454545453,e1efa96d5de0f62e6109df44254a1bb6235f22de,"[""dwc_basisofrecord_invalid""]",image/jpeg,true,,images,2012-06-07T00:00:00+00:00,"[""271a9ce9-c6d3-4b63-a722-cb0adc48863f\\media\\http://mczbase.mcz.harvard.edu/media/72288""]","[""2e3333be-2fda-4266-9310-e989f63f716f""]",271a9ce9-c6d3-4b63-a722-cb0adc48863f,,,stillimage,9127dc8c-489b-406a-b483-4ea1d2e60455,,,,1000
2e3333be-2fda-4266-9310-e989f63f716f,https://mczbase.mcz.harvard.edu/specimen_images/herpetology/large/R17725_C_porosus_sk_pos2.jpg,2022-04-27T12:38:15.248739+00:00,0.45454545454545453,412acf03b91adb87c51bcbda3f5745287c506ec1,"[""dwc_basisofrecord_invalid""]",image/jpeg,true,,images,2012-06-07T00:00:00+00:00,"[""271a9ce9-c6d3-4b63-a722-cb0adc48863f\\media\\http://mczbase.mcz.harvard.edu/media/72287""]","[""2e3333be-2fda-4266-9310-e989f63f716f""]",271a9ce9-c6d3-4b63-a722-cb0adc48863f,,,stillimage,29dc04ce-1df9-4041-b791-a0ae71904530,,,,1000
f88dae3b-333e-4e8a-a177-f6ed0b364d3d,https://mczbase.mcz.harvard.edu/specimen_images/herpetology/large/R32100_C_novaeguineae_skull_v.jpg,2022-04-27T12:38:15.248739+00:00,0.45454545454545453,29cbef5606c59d6ed67fc2af1a243738bffde724,"[""dwc_basisofrecord_invalid""]",image/jpeg,true,,images,2016-05-06T00:00:00+00:00,"[""271a9ce9-c6d3-4b63-a722-cb0adc48863f\\media\\http://mczbase.mcz.harvard.edu/media/719711""]","[""f88dae3b-333e-4e8a-a177-f6ed0b364d3d""]",271a9ce9-c6d3-4b63-a722-cb0adc48863f,,,stillimage,675678bf-bdde-4c00-b903-3ccbdbca16a2,,,,1000
f88dae3b-333e-4e8a-a177-f6ed0b364d3d,https://mczbase.mcz.harvard.edu/specimen_images/herpetology/large/R32100_C_novaeguineae_skull_d.jpg,2022-04-27T12:38:15.248739+00:00,0.45454545454545453,97b563c78ed1b998079d62ed534be97692c62e89,"[""dwc_basisofrecord_invalid""]",image/jpeg,true,,images,2016-05-06T00:00:00+00:00,"[""271a9ce9-c6d3-4b63-a722-cb0adc48863f\\media\\http://mczbase.mcz.harvard.edu/media/719718""]","[""f88dae3b-333e-4e8a-a177-f6ed0b364d3d""]",271a9ce9-c6d3-4b63-a722-cb0adc48863f,,,stillimage,a4b34de8-923a-4aa5-86d1-822af44df140,,,,1000
