<?xml version="1.0" encoding="utf-8"?>
<eml:eml xmlns:eml="eml://ecoinformatics.org/eml-2.1.1" xmlns:xsi="http://www.w3.org/2001/XMLSchema-instance"
         xsi:schemaLocation="eml://ecoinformatics.org/eml-2.1.1 http://rs.gbif.org/schema/eml-gbif-profile/1.1/eml.xsd"
        packageId="10.15468/dl.s8xfvf"  system="http://gbif.org" scope="system"
  xml:lang="en">

<dataset>
        <alternateIdentifier>0304203-210914110416597</alternateIdentifier>
    <title>GBIF Occurrence Download 10.15468/dl.s8xfvf</title>
    <creator>
    <individualName>
          <surName>GBIF Download Service</surName>
    </individualName>
<electronicMailAddress>support@gbif.org</electronicMailAddress>    </creator>
    <metadataProvider>
    <individualName>
          <surName>GBIF Download Service</surName>
    </individualName>
<electronicMailAddress>support@gbif.org</electronicMailAddress>    </metadataProvider>
      <pubDate>
      2022-05-23
      </pubDate>
    <language>ENGLISH</language>
    <abstract>
        <para>A dataset containing all occurrences available in GBIF matching the query:
{
  &quot;and&quot; : [
    &quot;HasCoordinate is true&quot;,
    &quot;HasGeospatialIssue is false&quot;,
    &quot;TaxonKey is Crocodylus Laurenti, 1768&quot;
  ]
}
The dataset includes records from the following constituent datasets. The full metadata for each constituent is also included in this archive:
1 records from IndOBIS, Indian Ocean Node of OBIS
1 records from Museu Darder de Banyoles
1 records from University of Alberta Museum of Zoology Amphibian and Reptile Collection (UAMZ)
1 records from Biodiversidad asociada al gasoducto Loop San Mateo-Mamonal
1 records from USGS SESC - Everglades - Herpetofauna - 2000-2002
1 records from Flora y fauna asociada al hábitat del Manatí antillano en la Ciénaga de Paredes, Magdalena Medio Santandereano
1 records from Inventario multitaxonómico (plantas, crustáceos y vertebrados) del APFF Meseta de Cacaxtla, Sinaloa, México
1 records from Rwanda&apos;s wetlands biodiversity data from different inventories that were conducted between year 2008 and 2017
1 records from NCSM Herpetology Collection
1 records from Reptiles y anfibios registrados en las cuencas bajas del Guayabero, Duda y Losada, Meta
1 records from Monitoreo de la Fauna Silvestre con Capacitación y Certificación de Monitores Comunitarios en las Microrregiones Prioritarias para la Conectividad y Conservación de la Biodiversidad Agua Blanca, Cañón del Usumacinta, Sierra de Tabasco, *
1 records from Herpetile collection NTNU University Museum
1 records from SUI Vertebrate Collection
1 records from USGS SESC - Biscayne - Herpetofauna - 2002-2003
1 records from Reptilia collection of the Museu Nacional de História Natural e da Ciência, Universidade de Lisboa, Portugal
1 records from Inventaire des espèces animales présentes dans les aires protégées et parcs nationaux au Bénin
1 records from Fauna y Flora de Cinaruco - 2014- 2016
1 records from Inventario y monitoreo de anfibios y mariposas en la Reserva de Calakmul, Campeche
1 records from Non Fish Species Occurrence in ASEAN Region
1 records from Tasmanian Museum and Art Gallery provider for OZCAM
1 records from Bell Museum amphibians and reptiles
1 records from KUO Reptile collections (KUO)
1 records from Census of animal of Benin: Database 1
2 records from SDNHM Herpetology Collection
2 records from PSM Vertebrates Collection
2 records from MSB Host Collection (Arctos)
2 records from Evaluación y monitoreo de manglar en la Reserva de la Biósfera Los Petenes con énfasis en criterios de sustentabilidad y desarrollo
2 records from Liste d&apos;espèces animales recensées au cours des activités de l&apos;Organisation pour le Développement Durable et la Biodiversité (ODDB ONG) au Bénin
2 records from kznm-herpetology-collection
2 records from Colección Herpetológica (Reptiles) del Museo de Historia Natural de la Universidad Industrial de Santander
2 records from BoBO - Botanic Garden and Botanical Museum Berlin Observations
2 records from museums-hepertology-biodiversity-records
2 records from Inventaire faunique dans le cadre de l&apos;Etude socio-économique de référence des possibilités de valorisation durable des produits forestiers non ligneux dans les réserves de faune de la pendjari
2 records from ZFMK Herpetology collection
2 records from Divergent Morphology among Populations of the New Guinea Crocodile, Crocodylus novaeguineae (Schmidt, 1928): Diagnosis of an Independent Lineage and Description of a New Species
2 records from Ministerio de Medio Ambiente, y Medio Rural y Marino. Dirección General de Medio Natural y Política Forestal. Inventario Nacional de Biodiversidad 2007, Reptiles
2 records from Census of animal species in Biosphere Reserve of Pendjari. Data mobilzed in the framework of JRS Biodiversity Foundation funded project in Benin
3 records from Universidad del Valle de Guatemala - Colecciones Biológicas - Reptiles
3 records from Museo Argentino de Ciencias Naturales &quot;Bernardino Rivadavia&quot; (MACN). Herpetology National Collection (MACNHe)
3 records from Bernice P. Bishop Museum
3 records from Queen Victoria Museum Art Gallery provider for OZCAM
3 records from NBMB Herps
3 records from New Mexico Museum of Natural History and Science (NMMNHS) Paleontology specimens (Arctos)
3 records from Freshwater biodiversity of Rwanda, data recorded from theses of students of University of Rwanda (UR)
3 records from Colección de Cocodrilos y Caimanes Museo de La Salle Bogotá (MLS)
3 records from Herpetology Collection NRM
3 records from Canadian Museum of Nature Amphibian and Reptile Collection
3 records from UWBM Herpetology Collection (Arctos)
4 records from UCM Amphibian and Reptile Collection (Arctos)
4 records from Anfibios y reptiles del estado de Tamaulipas, México
4 records from Kenya Virtual Museum Records
4 records from Anymals+plants - Citizen Science Data
4 records from Estado actual de la distribución de los anfibios y reptiles de la Región de Los Tuxtlas
4 records from National Biodiversity Data Bank. Observation records, 1900-2014
4 records from Mozambique Herpetological Collection - IICT
4 records from Macaulay Library Audio and Video Collection
4 records from Anfibios, reptiles y mamíferos del corredor biológico del norte de Yucatán depositados en las colecciones de la Escuela Nacional de Ciencias Biológicas
5 records from Formación de una base de datos y elaboración de un atlas de la herpetofauna de México (Anfibiosreptiles_catálogo)
5 records from KUBI Herpetology Collection
5 records from Tracking saltwater crocodiles on the Wenlock River, Cape York, Queensland, Australia 2012_13
5 records from Computarización de la Colección Paleontológica de la Secretaria de Medio Ambiente, Vivienda e Historia Natural, del estado de Chiapas
5 records from Rapid Assessment Program (RAP) Biodiversity Survey Database
6 records from CUMV Amphibian and Reptile Collection
6 records from Ground Census Data for Lake Nakuru and Nairobi National Parks
6 records from Museu de Ciències Naturals de Barcelona: MCNB-Cord
7 records from Vertebrados terrestres del parque nacional Cañón del Sumidero, Chiapas, México
7 records from SMNS Herpetologie
7 records from CM Herps Collection
7 records from Herpetofauna del Estado de Veracruz
8 records from RBINS DaRWIN
8 records from Guinea-Bissau Herpetological Collection - IICT
8 records from Database of Australasian Vertebrate Occurrences
8 records from Actualización de la base de datos de la colección nacional de anfibios y reptiles (CNAR)
8 records from University of Florida Vertebrate Paleontology
8 records from Royal Belgian Institute of Natural Sciences Reptile collection
9 records from Propuesta para rescatar y conservar la paleobiota de la Cantera Tlayúa, en Tepexí de Rodríguez, Puebla: Fase II
12 records from Herpetofauna de la región marina prioritaria Corredor Puerto Madero, Chiapas, México
13 records from List of animalia, fungi and plant species recorded through naturalist observations and research activities in Benin. Data mobilized in the framework of a JRS Biodiversity Foundation project of Benin
13 records from The Herpetology Collection at the Staatliches Museum für Naturkunde Stuttgart
14 records from South Australian Museum Adelaide provider for OZCAM
14 records from MVZ Herp Collection (Arctos)
15 records from Computarización de las colecciones de vertebrados terrestres de la Escuela Nacional de Ciencias Biológicas, IPN Fase 4 (Anfibios y reptiles)
16 records from LACM Vertebrate Collection
18 records from Fortalecimiento de las colecciones de ECOSUR. Primera fase (Herpetológica San cristóbal)
19 records from CAS Herpetology (HERP)
21 records from Ditsong National Museum of Natural History Collection: 1805-2008
21 records from INSDC Sequences
22 records from Northern Territory WildWatch
23 records from Restauración experimental de un popal invadido por el zacate alemán (Echinochloa pyramidalis, POACEAE) en el sitio Ramsar No. 1336 La Mancha y El Llano
24 records from Census of the threatened species of Benin.
24 records from Census of the animals of Benin
25 records from Fortalecimiento de las colecciones de ECOSUR. Primera fase (Herpetológica Chetumal)
26 records from Formación de una base de datos y elaboración de un atlas de la herpetofauna de México (Anfibiosreptiles)
27 records from Gaia Guide
31 records from Sistematización de las colecciones científicas del Instituto de Historia Natural y Ecología, (IHNE) Chiapas
31 records from Actualización y enriquecimiento de las bases de datos del proyecto de evaluación y análisis geográfico de la diversidad faunística de Chiapas
34 records from Museums Victoria provider for OZCAM
42 records from Natural History Museum (London) Collection Specimens
43 records from Western Australian Museum provider for OZCAM
49 records from Lizard Island Research Station
53 records from ALA species sightings and OzAtlas
54 records from University of Michigan Museum of Zoology, Division of Reptiles &amp; Amphibians
60 records from crocodylus
62 records from Vertebrate Zoology Division - Herpetology, Yale Peabody Museum
74 records from Australian National Wildlife Collection provider for OZCAM
75 records from Northern Territory Museum and Art Gallery provider for OZCAM
92 records from India Biodiversity Portal publication grade dataset
94 records from NMNH Extant Specimen Records (USNM, US)
97 records from Queensland Museum provider for OZCAM
105 records from International Barcode of Life project (iBOL)
112 records from UCT: Southern African Reptile Conservation Assessment (1910-2009)
112 records from Implementación del programa de monitoreo del cocodrilo del pantano (Crocodylus moreletti) México-Belice-Guatemala: región de coordinación MXRC2-Golfo Centro, Veracruz centro y norte Oaxaca [Temporada 2013]
123 records from University of Florida Herpetology
147 records from Museum of Comparative Zoology, Harvard University
157 records from Earth Guardians Weekly Feed
226 records from Algunas especies de anfibios y reptiles contenidos en el Proyecto de Norma Oficial Mexicana PROY-NOM-059-ECOL-2000
264 records from Paleobiology Database
291 records from Vertebrate observation dataset of North and West Africa (CIBIO-Biodeserts)
298 records from Implementación del programa de monitoreo del cocodrilo del pantano (Crocodylus moreletti) México-Belice-Guatemala: región de coordinación MXRC2-Golfo Centro, Veracruz centro y norte Oaxaca
397 records from naturgucker
714 records from WildNet - Queensland Wildlife Data
949 records from Determinación del estado de las poblaciones silvestres del cocodrilo de pantano (Crocodylus moreletii) en México y evaluación de su estatus en la CITES
1006 records from Observation.org, Nature data from around the World
1285 records from Australian Museum provider for OZCAM
1657 records from Implementación del Programa de Monitoreo del Cocodrilo de Pantano (Crocodrylus moreletti) México-Belice-Guatemala en la Región de Coordinación MXRC3-Sur: sur de Veracruz, Tabasco, Chiapas y oeste de Campeche
8697 records from iNaturalist Research-grade Observations
12082 records from Fauna Atlas N.T.
59564 records from IMOS - Animal Tracking Facility - Acoustic Tracking - Quality Controlled Detections (2007 -2021)</para>
    </abstract>
      <contact>
    <individualName>
          <surName>GBIF Download Service</surName>
    </individualName>
<electronicMailAddress>support@gbif.org</electronicMailAddress>      </contact>

</dataset>

<additionalMetadata>
    <metadata>
      <gbif>
        <dateStamp>2022-05-23T19:37:21Z</dateStamp>
      <citation identifier="10.15468/dl.s8xfvf">GBIF Occurrence Download 10.15468/dl.s8xfvf</citation>
              <physical>
                  <objectName>Darwin Core Archive</objectName>
                  <characterEncoding>UTF-8</characterEncoding>
                  <dataFormat>
                      <externallyDefinedFormat>
                          <formatName>Darwin Core Archive</formatName>
                      </externallyDefinedFormat>
                  </dataFormat>
                  <distribution>
                      <online>
                          <url function="download">https://api.gbif.org/v1/occurrence/download/request/0304203-210914110416597.zip</url>
                      </online>
                  </distribution>
              </physical>
      </gbif>
    </metadata>
</additionalMetadata>

</eml:eml>
