<?xml version="1.0" encoding="utf-8"?>
<eml:eml xmlns:eml="eml://ecoinformatics.org/eml-2.1.1" xmlns:xsi="http://www.w3.org/2001/XMLSchema-instance"
         xsi:schemaLocation="eml://ecoinformatics.org/eml-2.1.1 http://rs.gbif.org/schema/eml-gbif-profile/1.1/eml.xsd"
        packageId="1c5c3e48-7fc0-4d4f-96e6-c4df2c747f34"  system="http://gbif.org" scope="system"
  xml:lang="en">

<dataset>
      <alternateIdentifier>10.15468/g6ggjy</alternateIdentifier>
    <title>The Herpetology Collection at the Staatliches Museum für Naturkunde Stuttgart</title>
    <associatedParty>
    <individualName>
          <surName>Staatliche Naturwissenschaftliche Sammlungen Bayerns – SNSB IT Center, München</surName>
    </individualName>
<electronicMailAddress>snsb-it-center@snsb.de</electronicMailAddress>    <role>TECHNICAL_POINT_OF_CONTACT</role>
    </associatedParty>
    <language>en</language>
    <abstract>
        <para>http://www.diversityworkbench.de/DatabaseClients/SMNS-Z-herpcoll/About.html</para>
    </abstract>
      <intellectualRights>
        <para>This work is licensed under a <ulink url="http://creativecommons.org/licenses/by/4.0/legalcode"><citetitle>Creative Commons Attribution (CC-BY) 4.0 License</citetitle></ulink>.</para>
      </intellectualRights>
      <distribution scope="document">
          <online>
              <url function="information">http://www.diversityworkbench.de/DatabaseClients/SMNS-Z-herpcoll/About.html</url>
          </online>
      </distribution>
      <contact>
    <individualName>
          <surName>Alexander Kupfer</surName>
    </individualName>
<electronicMailAddress>alexander.kupfer@smns-bw.de</electronicMailAddress>      </contact>

</dataset>

<additionalMetadata>
    <metadata>
      <gbif>
        <dateStamp>2022-05-23T19:37:16Z</dateStamp>
      <citation>Staatliche Naturwissenschaftliche Sammlungen Bayerns. The Herpetology Collection at the Staatliches Museum für Naturkunde Stuttgart. Occurrence dataset https://doi.org/10.15468/g6ggjy accessed via GBIF.org on 2022-05-23.</citation>
              <resourceLogoUrl>https://naturkundemuseum-bw.de/fileadmin/museum/Logo_SMNS_de_scr.png</resourceLogoUrl>
      </gbif>
    </metadata>
</additionalMetadata>

</eml:eml>
