<?xml version="1.0" encoding="utf-8"?>
<eml:eml xmlns:eml="eml://ecoinformatics.org/eml-2.1.1" xmlns:xsi="http://www.w3.org/2001/XMLSchema-instance"
         xsi:schemaLocation="eml://ecoinformatics.org/eml-2.1.1 http://rs.gbif.org/schema/eml-gbif-profile/1.1/eml.xsd"
        packageId="263bbfe7-f643-43bb-b448-f0705d1c0e18"  system="http://gbif.org" scope="system"
  xml:lang="en">

<dataset>
      <alternateIdentifier>10.15468/px1sya</alternateIdentifier>
    <title>ZFMK Herpetology collection</title>
    <associatedParty>
    <individualName>
          <surName>LIB Biodiversity Datacenter</surName>
    </individualName>
    <address>
<deliveryPoint>Leibniz-Institute for the Analysis of Biodiversity Change - Adenauerallee 127, 57113 Bonn, Germany</deliveryPoint>    </address>
<phone>0049 (0) 2289122342</phone><electronicMailAddress>datacenter@leibniz-lib.de</electronicMailAddress>    <role>TECHNICAL_POINT_OF_CONTACT</role>
    </associatedParty>
    <language>en</language>
    <abstract>
        <para>Currently, the herpetological collection houses more than 100,000 catalogued specimens. Amphibians and reptiles are traditionally combined in the collection, with the latter making up nearly two thirds of the total specimens. The collection includes type specimens of around 650 taxa, among them more than 300 primary types (i.e. holotypes, lectotypes, and neotypes) and 100 syntypes that objectively define a scientific name and are literally irreplaceable. The majority of specimens is wet material preserved in ethanol, but the collection also includes osteological specimens and (sub-)fossils. These figures make the herpetological collection at the ZFMK one of the largest of its kind in Germany and also one of international importance.  Correspondingly to their high species diversity, frogs and squamates (lizards and snakes) represent the majority of species. However, members of all major groups of amphibians (salamanders and caecilians) and reptiles (crocodiles, turtles, and tuataras) are found in the collection.  There is no explicit geographic focus and specimens are originating not only from Europe, but from more than 200 countries worldwide. Due to the research focus of past curators and students, the ZFMK holds remarkable collections from the Mediterranean, the Middle East, Africa, Madagascar, and Brazil. Recent geographical focuses are Southeast Asia, Peru, and the western Palearctic.</para>
    </abstract>
      <intellectualRights>
        <para>This work is licensed under a <ulink url="http://creativecommons.org/licenses/by/4.0/legalcode"><citetitle>Creative Commons Attribution (CC-BY) 4.0 License</citetitle></ulink>.</para>
      </intellectualRights>
      <distribution scope="document">
          <online>
              <url function="information">https://www.zfmk.de/en/research/collections/herpetology</url>
          </online>
      </distribution>
      <contact>
    <individualName>
          <surName>Dr. D. Roedder, Dr. C. Koch</surName>
    </individualName>
    <address>
<deliveryPoint>Leibniz-Institute for the Analysis of Biodiversity Change - Adenauerallee 127, 57113 Bonn, Germany</deliveryPoint>    </address>
<phone>0049 (0) 2289122 252 oder 0049 (0) 2289122 234</phone><electronicMailAddress>d.roedder@leibniz-zfmk.de, c.koch@leibniz-zfmk.de</electronicMailAddress>      </contact>

</dataset>

<additionalMetadata>
    <metadata>
      <gbif>
        <dateStamp>2022-05-23T19:37:13Z</dateStamp>
      <citation>Leibniz Institute for the Analysis of Biodiversity Change (LIB). ZFMK Herpetology collection. Occurrence dataset https://doi.org/10.15468/px1sya accessed via GBIF.org on 2022-05-23.</citation>
              <resourceLogoUrl>https://leibniz-lib.de/wp-content/themes/lib-leibniz/img/logo-en.svg</resourceLogoUrl>
      </gbif>
    </metadata>
</additionalMetadata>

</eml:eml>
