<?xml version="1.0" encoding="utf-8"?>
<eml:eml xmlns:eml="eml://ecoinformatics.org/eml-2.1.1" xmlns:xsi="http://www.w3.org/2001/XMLSchema-instance"
         xsi:schemaLocation="eml://ecoinformatics.org/eml-2.1.1 http://rs.gbif.org/schema/eml-gbif-profile/1.1/eml.xsd"
        packageId="304f9c12-1474-4a89-a037-cb3cf4cc65b2"  system="http://gbif.org" scope="system"
  xml:lang="en">

<dataset>
      <alternateIdentifier>10.1643/cg-19-240</alternateIdentifier>
        <alternateIdentifier>304f9c12-1474-4a89-a037-cb3cf4cc65b2</alternateIdentifier>
        <alternateIdentifier>10.15468/xztiah</alternateIdentifier>
        <alternateIdentifier>BF5E2FB6-AED6-402E-A075-11BC21B83524</alternateIdentifier>
        <alternateIdentifier>AD2DFFE70250450A0229FFCBFFE0FF98</alternateIdentifier>
    <title>Divergent Morphology among Populations of the New Guinea Crocodile, Crocodylus novaeguineae (Schmidt, 1928): Diagnosis of an Independent Lineage and Description of a New Species</title>
    <creator>
    <individualName>
<givenName>Christopher M.</givenName>          <surName>Murray</surName>
    </individualName>
    </creator>
    <creator>
    <individualName>
<givenName>Peter</givenName>          <surName>Russo</surName>
    </individualName>
    </creator>
    <creator>
    <individualName>
<givenName>Alexander</givenName>          <surName>Zorrilla</surName>
    </individualName>
    </creator>
    <creator>
    <individualName>
<givenName>Caleb D.</givenName>          <surName>McMahan</surName>
    </individualName>
    </creator>
    <metadataProvider>
    <individualName>
          <surName>plazi</surName>
    </individualName>
<organizationName>Plazi</organizationName>    </metadataProvider>
    <associatedParty>
<organizationName>Plazi</organizationName>    <address>
<city>Bern</city><country>SWITZERLAND</country>    </address>
<electronicMailAddress>info@plazi.org</electronicMailAddress><onlineUrl>http://plazi.org/</onlineUrl>    <role>PUBLISHER</role>
    </associatedParty>
      <pubDate>
      2019-09-25
      </pubDate>
    <language>ENGLISH</language>
    <abstract>
        <para>This dataset contains the digitized treatments in Plazi based on the original journal article Murray, Christopher M., Russo, Peter, Zorrilla, Alexander, McMahan, Caleb D. (2019): Divergent Morphology among Populations of the New Guinea Crocodile, Crocodylus novaeguineae (Schmidt, 1928): Diagnosis of an Independent Lineage and Description of a New Species. Copeia 107 (3): 517-523, DOI: 10.1643/CG-19-240</para>
    </abstract>
      <intellectualRights>
        <para>To the extent possible under law, the publisher has waived all rights to these data and has dedicated them to the <ulink url="http://creativecommons.org/publicdomain/zero/1.0/legalcode"><citetitle>Public Domain (CC0 1.0)</citetitle></ulink>. Users may copy, modify, distribute and use the work, including for commercial purposes, without restriction.</para>
      </intellectualRights>
      <distribution scope="document">
          <online>
              <url function="information">http://tb.plazi.org/GgServer/summary/AD2DFFE70250450A0229FFCBFFE0FF98</url>
          </online>
      </distribution>
      <contact>
    <individualName>
<givenName>Guido</givenName>          <surName>Sautter</surName>
    </individualName>
<electronicMailAddress>gsautter@gmail.com</electronicMailAddress><onlineUrl>http://plazi.org</onlineUrl>      </contact>

</dataset>

<additionalMetadata>
    <metadata>
      <gbif>
        <dateStamp>2022-05-23T19:37:13Z</dateStamp>
      <citation>Murray C M, Russo P, Zorrilla A, McMahan C D, plazi (2019). Divergent Morphology among Populations of the New Guinea Crocodile, Crocodylus novaeguineae (Schmidt, 1928): Diagnosis of an Independent Lineage and Description of a New Species. Plazi.org taxonomic treatments database. Checklist dataset https://doi.org/10.1643/cg-19-240 accessed via GBIF.org on 2022-05-23.</citation>
      </gbif>
    </metadata>
</additionalMetadata>

</eml:eml>
