<?xml version="1.0" encoding="utf-8"?>
<eml:eml xmlns:eml="eml://ecoinformatics.org/eml-2.1.1" xmlns:xsi="http://www.w3.org/2001/XMLSchema-instance"
         xsi:schemaLocation="eml://ecoinformatics.org/eml-2.1.1 http://rs.gbif.org/schema/eml-gbif-profile/1.1/eml.xsd"
        packageId="4ec90048-9a58-4f98-9a67-93a04e6c351a"  system="http://gbif.org" scope="system"
  xml:lang="es">

<dataset>
      <alternateIdentifier>10.15472/wns8et</alternateIdentifier>
        <alternateIdentifier>https://ipt.biodiversidad.co/sib/resource?r=mls-coco-2011</alternateIdentifier>
        <alternateIdentifier>10.15468/3s3bjf</alternateIdentifier>
        <alternateIdentifier>http://ipt.biodiversidad.co/sib/resource?r=mls-coco-2011</alternateIdentifier>
        <alternateIdentifier>http://evirtual.lasalle.edu.co:8080/ipt/resource.do?r=mls-coco-2011</alternateIdentifier>
        <alternateIdentifier>4ec90048-9a58-4f98-9a67-93a04e6c351a</alternateIdentifier>
        <alternateIdentifier>14685</alternateIdentifier>
    <title>Colección de Cocodrilos y Caimanes Museo de La Salle Bogotá (MLS)</title>
    <creator>
    <individualName>
<givenName>Julieth Stella</givenName>          <surName>Cárdenas Hincapié</surName>
    </individualName>
<organizationName>Universidad de la Salle</organizationName><positionName>Administrador de información - MLS</positionName>    <address>
<deliveryPoint>Cr 2 No. 10 - 70</deliveryPoint><city>Bogotá D.C.</city><administrativeArea>Bogotá D.C.</administrativeArea><country>COLOMBIA</country>    </address>
<phone>+57 13535360</phone><electronicMailAddress>colecciones@lasalle.edu.co</electronicMailAddress><onlineUrl>http://museo.lasalle.edu.co/</onlineUrl>    </creator>
    <creator>
    <individualName>
<givenName>Maria Fernanda</givenName>          <surName>Lozano Bernal</surName>
    </individualName>
<organizationName>Universidad de la Salle</organizationName><positionName>Administrador de información - MLS</positionName>    <address>
<deliveryPoint>Cr 2 No. 10 - 70</deliveryPoint><city>Bogotá D.C.</city><administrativeArea>Bogotá D.C.</administrativeArea><country>COLOMBIA</country>    </address>
<phone>+57 13535360</phone><electronicMailAddress>mflozano@lasalle.edu.co</electronicMailAddress><onlineUrl>http://museo.lasalle.edu.co/</onlineUrl>    </creator>
    <metadataProvider>
    <individualName>
<givenName>Julieth Stella</givenName>          <surName>Cárdenas Hincapié</surName>
    </individualName>
<organizationName>Universidad de la Salle</organizationName><positionName>Administrador de información - MLS</positionName>    <address>
<deliveryPoint>Cr 2 No. 10 - 70</deliveryPoint><city>Bogotá D.C.</city><administrativeArea>Bogotá D.C.</administrativeArea><country>COLOMBIA</country>    </address>
<phone>+57 13535360</phone><electronicMailAddress>colecciones@lasalle.edu.co</electronicMailAddress><onlineUrl>http://museo.lasalle.edu.co/</onlineUrl>    </metadataProvider>
    <associatedParty>
    <individualName>
<givenName>Universidad de La Salle</givenName>          <surName>Museo de La Salle</surName>
    </individualName>
<organizationName>Universidad de La Salle</organizationName><positionName>Institución Universitaria</positionName>    <address>
<deliveryPoint>Cr 2 No. 10 - 70</deliveryPoint><city>Bogotá D.C.</city><administrativeArea>Bogotá D.C.</administrativeArea><country>COLOMBIA</country>    </address>
<phone>+57 13535360</phone><electronicMailAddress>secmuseo@lasalle.edu.co</electronicMailAddress><onlineUrl>http://museo.lasalle.edu.co/</onlineUrl>    <role>PUBLISHER</role>
    </associatedParty>
      <pubDate>
      2021-04-05
      </pubDate>
    <language>SPANISH</language>
    <abstract>
        <para>El Museo de La Salle Bogotá (MLS) cuenta con 49 registros de las familias Alligatoridae y Crocodylidae, 5 géneros y 7 especies, colectados desde el año 1923 a lo largo del territorio colombiano, con registros en 6 departamentos Amazonas, Bolivia, Caquetá, Cundinamarca, Meta y Tolima. Cada registro cuenta con la información de la localidad (actualmente normalizada y georreferenciada), la fecha de colecta, el colector y un nivel de curaduría con el cual se estableció el índice de salud de la colección (ISC) igual a 1,21 lo que llevo a trabajar por su optimización desde 2009. Se han realizado actividades de mejoramiento de las condiciones de almacenamiento, verificación y actualización de la información taxonómica, normalización de localidades y su georreferenciación, repatriación de información y recopilación bibliográfica resultado de investigaciones con los ejemplares de la colección.</para>
    </abstract>
        <keywordSet>
              <keyword>Reptiles</keyword>
              <keyword>Colección de Herpetología Museo de La Salle Bogotá (MLS)</keyword>
              <keyword>Colecciones preservadas</keyword>
              <keyword>Colombia</keyword>
              <keyword>Museos</keyword>
              <keyword>Colecciones zoológicas</keyword>
              <keyword>Colecciones preservadas en líquido</keyword>
              <keyword>Colecciones</keyword>
              <keyword>Colecciones biológicas</keyword>
              <keyword>colecciones preservadas en seco</keyword>
              <keyword>Cocodrilos.</keyword>
              <keywordThesaurus>n/a</keywordThesaurus>
        </keywordSet>
        <keywordSet>
              <keyword>Occurrence</keyword>
              <keywordThesaurus>GBIF Dataset Type Vocabulary: http://rs.gbif.org/vocabulary/gbif/dataset_type.xml</keywordThesaurus>
        </keywordSet>
        <keywordSet>
              <keyword>Specimen</keyword>
              <keywordThesaurus>GBIF Dataset Subtype Vocabulary: http://rs.gbif.org/vocabulary/gbif/dataset_subtype.xml</keywordThesaurus>
        </keywordSet>
      <additionalInfo>
          <para>Los ejemplares están depositados en el Museo de La Salle, en la sala de colecciones en líquido, Colección de vertebrados 4 Piso y algunos ejemplares se encuentran exhibidos en la Exposición Permanente del Museo. Su acceso esta restringido a presentación con antelación del formato de consulta y autorización del Director del Museo. El 16.6 % de la colección se encuentra almacenada en frascos de vidrio o plástico con alcohol al 70 % acorde al tamaño de los ejemplares, organizados en orden numérico ascendente en vitrinas de vidrio y metal. el 85.41 % de la colección corresponde a los ejemplares en seco.</para>
      </additionalInfo>
      <intellectualRights>
        <para>To the extent possible under law, the publisher has waived all rights to these data and has dedicated them to the <ulink url="http://creativecommons.org/publicdomain/zero/1.0/legalcode"><citetitle>Public Domain (CC0 1.0)</citetitle></ulink>. Users may copy, modify, distribute and use the work, including for commercial purposes, without restriction.</para>
      </intellectualRights>
      <coverage>
            <geographicCoverage>
                  <geographicDescription>Colombia, Estados Unidos, desde el nivel del mar hasta 3000 m.s.n.m. Solo hay georeferenciación para Colombia.</geographicDescription>
                  <boundingCoordinates>
                      <westBoundingCoordinate>-120.234</westBoundingCoordinate>
                      <eastBoundingCoordinate>-60.58</eastBoundingCoordinate>
                      <northBoundingCoordinate>46.073</northBoundingCoordinate>
                      <southBoundingCoordinate>-4.218</southBoundingCoordinate>
                  </boundingCoordinates>
            </geographicCoverage>
          <temporalCoverage>
            <rangeOfDates>
              <beginDate>
                <calendarDate>      1923
</calendarDate>
              </beginDate>
              <endDate>
                <calendarDate>      1989
</calendarDate>
              </endDate>
            </rangeOfDates>
          </temporalCoverage>
              <taxonomicCoverage>
                    <generalTaxonomicCoverage>Esta recurso contiene 49 registros biológicos, todos pertenecientes al orden Crocodylia. 
El 79,59% de la colección se encuentra determinada hasta el nivel de especie, el 14,28% hasta género y el 6,12 % restante hasta familia.</generalTaxonomicCoverage>
                    <taxonomicClassification>
                          <taxonRankName>Family</taxonRankName>
                        <taxonRankValue>Alligatoridae</taxonRankValue>
                    </taxonomicClassification>
                    <taxonomicClassification>
                          <taxonRankName>Family</taxonRankName>
                        <taxonRankValue>Crocodylidae</taxonRankValue>
                    </taxonomicClassification>
              </taxonomicCoverage>
      </coverage>
      <purpose>
          <para>Este tabajo hace parte del proyecto de: &quot;Sistematización, georreferenciación y puesta a disposición a través del SIB Colombia de los registros biológicos de dos colecciones del Museo de La Salle Bogotá (Colección de Anfibios y Reptiles (MLS) y Herbario (BOG), coontrato No. 11-11-020-231FN, Entre el Instituto de Investigación de Recursos Biologicos &quot;Alexánder von Humboldt&quot; y La Universidad de La Salle.</para>
      </purpose>
      <maintenance>
          <description>
              <para></para>
          </description>
          <maintenanceUpdateFrequency>unkown</maintenanceUpdateFrequency>
      </maintenance>
      <contact>
    <individualName>
<givenName>Julieth Stella</givenName>          <surName>Cárdenas Hincapié</surName>
    </individualName>
<organizationName>Universidad de la Salle</organizationName><positionName>Administrador de información - MLS</positionName>    <address>
<deliveryPoint>Cr 2 No. 10 - 70</deliveryPoint><city>Bogotá D.C.</city><administrativeArea>Bogotá D.C.</administrativeArea><country>COLOMBIA</country>    </address>
<phone>+57 13535360</phone><electronicMailAddress>jscardenas@lasalle.edu.co</electronicMailAddress><onlineUrl>http://museo.lasalle.edu.co/</onlineUrl>      </contact>
      <methods>
            <methodStep>
                <description>
                    <para>Se realizó el proceso de georreferenciación de 24 ejemplares utilizando el software georeferencing Natural History Data. Adicionalmente, se corroboro la información consultando el Geovisor de Consulta de Codificación de la Divipola.</para>
                </description>
            </methodStep>
            <sampling>
                <studyExtent>
                    <description>
                        <para>Los ejemplares colectados cuentan con una cobertura principalmente de Colombia 6 departamentos Amazonas, Bolivia, Caquetá, Cundinamarca, Meta y Tolima.</para>
                    </description>
                </studyExtent>
                <samplingDescription>
                    <para>Los datos se limpiaron y depuraron teniendo en cuenta diferentes herramientas tanto para los datos geográficos como taxonómicos. En cuanto a los datos geográficos se utilizaron herramientas como el Geovisor de Consulta de Codificación de la Divipola, los datos taxonómicos se actualizaron teniendo en cuenta Global Biodiversity Information Facility (GBIF).</para>
                </samplingDescription>
            </sampling>
      </methods>

      <project >
          <title>Sistematización, georreferenciación y puesta a disposición a través del SIB Colombia de los registros biológicos de dos colecciones del Museo de La Salle Bogotá (Colección de Anfibios y Reptiles (MLS) y Herbario (BOG)</title>
          <personnel>
    <individualName>
<givenName>Julieth Stella</givenName>          <surName>Cárdenas</surName>
    </individualName>
    <role>CURATOR</role>
          </personnel>
          <abstract>
              <para>Sistematización, revisión de datos y georreferenciación de registros biológicos presentes en las colecciones depositadas en el Museo de La Salle (MLS), las colecciones georreferenciadas corresponden a reptiles.</para>
          </abstract>
          <funding>
              <para>Contrato No. 11-11-020-231FN, Entre el Instituto de Investigación de Recursos Biologicos &quot;Alexánder von Humboldt&quot; y La Universidad de La Salle.</para>
          </funding>
            <studyAreaDescription>
                <descriptor name="generic" citableClassificationSystem="false">
                    <descriptorValue>Se realizó la georreferenciación de 24 registros correspondientes a las familias Alligatoridae y Crocodylidae colectados principalmente en Colombia</descriptorValue>
                </descriptor>
            </studyAreaDescription>
      </project>
</dataset>

<additionalMetadata>
    <metadata>
      <gbif>
        <dateStamp>2022-05-23T19:37:14Z</dateStamp>
      <citation identifier="https://doi.org/10.15472/wns8et">Cárdenas Hincapié J S, Lozano Bernal M F (2021). Colección de Cocodrilos y Caimanes Museo de La Salle Bogotá (MLS). Version 4.4. Universidad de la Salle. Occurrence dataset https://doi.org/10.15472/wns8et accessed via GBIF.org on 2022-05-23.</citation>
              <resourceLogoUrl>https://statics.sibcolombia.net/sib-resources/images/logos-socios/500px/lasalle.jpg</resourceLogoUrl>
              <collection>
                <parentCollectionIdentifier>MLS</parentCollectionIdentifier>
                <collectionIdentifier>Registro Nacional de Colecciones Biológicas: 133</collectionIdentifier>
                <collectionName>Colecciones Zoológicas - Museo de La Salle- Bogotá</collectionName>
              </collection>
      </gbif>
    </metadata>
</additionalMetadata>

</eml:eml>
