<?xml version="1.0" encoding="utf-8"?>
<eml:eml xmlns:eml="eml://ecoinformatics.org/eml-2.1.1" xmlns:xsi="http://www.w3.org/2001/XMLSchema-instance"
         xsi:schemaLocation="eml://ecoinformatics.org/eml-2.1.1 http://rs.gbif.org/schema/eml-gbif-profile/1.1/eml.xsd"
        packageId="544ae945-0a4f-43de-9387-cff775273c77"  system="http://gbif.org" scope="system"
  xml:lang="en">

<dataset>
      <alternateIdentifier>10.15468/bjvdah</alternateIdentifier>
        <alternateIdentifier>https://bellatlas.umn.edu:443/collections/misc/collprofiles.php?collid=10</alternateIdentifier>
    <title>Bell Museum amphibians and reptiles</title>
    <creator>
<organizationName>Bell Atlas</organizationName><electronicMailAddress>_</electronicMailAddress><onlineUrl>https://bellatlas.umn.edu:443/index.php</onlineUrl>    </creator>
    <metadataProvider>
<organizationName>Bell Atlas</organizationName><electronicMailAddress>_</electronicMailAddress><onlineUrl>https://bellatlas.umn.edu:443/index.php</onlineUrl>    </metadataProvider>
      <pubDate>
      2022-03-22
      </pubDate>
    <language>ENGLISH</language>
    <abstract>
        <para>Records of zoological specimens at J. F. Bell Museum of Natural Hitory (University of Minnesota)</para>
    </abstract>
      <intellectualRights>
        <para>To the extent possible under law, the publisher has waived all rights to these data and has dedicated them to the <ulink url="http://creativecommons.org/publicdomain/zero/1.0/legalcode"><citetitle>Public Domain (CC0 1.0)</citetitle></ulink>. Users may copy, modify, distribute and use the work, including for commercial purposes, without restriction.</para>
      </intellectualRights>
      <contact>
<organizationName>Bell Museum amphibians and reptiles</organizationName><onlineUrl>https://www.bellmuseum.umn.edu/amphibians-reptiles/</onlineUrl>      </contact>

</dataset>

<additionalMetadata>
    <metadata>
      <gbif>
        <dateStamp>2022-05-23T19:37:12Z</dateStamp>
      <citation>University of Minnesota Bell Museum (2022). Bell Museum amphibians and reptiles. Occurrence dataset https://doi.org/10.15468/bjvdah accessed via GBIF.org on 2022-05-23.</citation>
      </gbif>
    </metadata>
</additionalMetadata>

</eml:eml>
