<?xml version="1.0" encoding="utf-8"?>
<eml:eml xmlns:eml="eml://ecoinformatics.org/eml-2.1.1" xmlns:xsi="http://www.w3.org/2001/XMLSchema-instance"
         xsi:schemaLocation="eml://ecoinformatics.org/eml-2.1.1 http://rs.gbif.org/schema/eml-gbif-profile/1.1/eml.xsd"
        packageId="63656de6-f762-11e1-a439-00145eb45e9a"  system="http://gbif.org" scope="system"
  xml:lang="en">

<dataset>
      <alternateIdentifier>10.15468/vxn86z</alternateIdentifier>
        <alternateIdentifier>https://ipt.gbif.es/resource?r=arm-inb-2007-reptiles</alternateIdentifier>
        <alternateIdentifier>63656de6-f762-11e1-a439-00145eb45e9a</alternateIdentifier>
        <alternateIdentifier>3371</alternateIdentifier>
    <title>Ministerio de Medio Ambiente, y Medio Rural y Marino. Dirección General de Medio Natural y Política Forestal. Inventario Nacional de Biodiversidad 2007, Reptiles</title>
    <creator>
    <individualName>
<givenName>Juan Manuel</givenName>          <surName>Villares Muyo</surName>
    </individualName>
<organizationName>Ministerio para la Transición Ecológica y el Reto Demográfico</organizationName>    <address>
<country>SPAIN</country>    </address>
<electronicMailAddress>jmvillares@miteco.es</electronicMailAddress>    </creator>
    <creator>
    <individualName>
<givenName>Blanca</givenName>          <surName>Ruiz Franco</surName>
    </individualName>
<organizationName>Ministerio para la Transición Ecológica y el Reto Demográfico</organizationName>    <address>
<country>SPAIN</country>    </address>
<electronicMailAddress>brfranco@miteco.es</electronicMailAddress>    </creator>
    <metadataProvider>
    <individualName>
<givenName>Juan Manuel</givenName>          <surName>Villares Muyo</surName>
    </individualName>
<organizationName>Ministerio para la Transición Ecológica y el Reto Demográfico</organizationName>    <address>
<country>SPAIN</country>    </address>
<electronicMailAddress>jmvillares@miteco.es</electronicMailAddress>    </metadataProvider>
    <metadataProvider>
    <individualName>
<givenName>Blanca</givenName>          <surName>Ruiz Franco</surName>
    </individualName>
<organizationName>Ministerio para la Transición Ecológica y el Reto Demográfico</organizationName>    <address>
<country>SPAIN</country>    </address>
<electronicMailAddress>brfranco@miteco.es</electronicMailAddress>    </metadataProvider>
    <associatedParty>
    <individualName>
          <surName>Ricardo Gómez Calmaestra</surName>
    </individualName>
<phone>34 91 7493866</phone><electronicMailAddress>RGCalmaestra@mma.es</electronicMailAddress>    <role>TECHNICAL_POINT_OF_CONTACT</role>
    </associatedParty>
      <pubDate>
      2020-06-18
      </pubDate>
    <language>ENGLISH</language>
    <abstract>
        <para>La información de esta base de datos está actualizada a enero de 2007. Base de datos de reptiles del Inventario Nacional de Biodiversidad, iniciativa del Ministerio de Medio Ambiente, y Medio Rural y Marino desarrollado a través de la Dirección General de Medio Natural y Política Forestal. A través de esta iniciativa, España da cumplimiento al artículo 7 del Convenio de Diversidad Biológica (ratificado por España en 1993), que indica la necesidad de la inventariación y el seguimiento de la biodiversidad, así como el mantenimiento de la información resultante. Las bases de datos se actualizan periódicamente como consecuencia de los proyectos de seguimiento de los diferentes grupos taxonómicos, y en las mismas se van introduciendo los nuevos grupos taxonómicos tratados. El objetivo final es contar con la información corológica y del estado de conservación de cada taxón actualizada, así como la obtención de indicadores que muestren las tendencias poblacionales. Las bases de datos del Inventario Nacional de Biodiversidad constituyen la información nacional utilizada para la elaboración de los correspondientes Atlas y Libros Rojos para cada grupo taxonómico. La escala utilizada es la cuadrícula UTM de 10x10 km, referida a todo el territorio insular y peninsular español. Los datos se muestran también para las hojas 1:50.000 de la cartografía nacional, para las provincias y para las comunidades autónomas.</para>
        <para>Note: this dataset was previously orphaned. It has been rescued by ① extracting it from the GBIF.org index (see GBIF Download in External Data) and ② republishing it on this IPT data hosting centre as version 1.0.</para>
    </abstract>
        <keywordSet>
              <keyword>Occurrence</keyword>
              <keywordThesaurus>GBIF Dataset Type Vocabulary: http://rs.gbif.org/vocabulary/gbif/dataset_type.xml</keywordThesaurus>
        </keywordSet>
      <intellectualRights>
        <para>This work is licensed under a <ulink url="http://creativecommons.org/licenses/by-nc/4.0/legalcode"><citetitle>Creative Commons Attribution Non Commercial (CC-BY-NC) 4.0 License</citetitle></ulink>.</para>
      </intellectualRights>
      <distribution scope="document">
          <online>
              <url function="information">http://www.mma.es/portal/secciones/biodiversidad/inventarios/inb/</url>
          </online>
      </distribution>
      <maintenance>
          <description>
              <para></para>
          </description>
          <maintenanceUpdateFrequency>unkown</maintenanceUpdateFrequency>
      </maintenance>
      <contact>
    <individualName>
<givenName>Juan Manuel</givenName>          <surName>Villares Muyo</surName>
    </individualName>
<organizationName>Ministerio para la Transición Ecológica y el Reto Demográfico</organizationName>    <address>
<country>SPAIN</country>    </address>
<electronicMailAddress>jmvillares@miteco.es</electronicMailAddress>      </contact>
      <contact>
    <individualName>
<givenName>Blanca</givenName>          <surName>Ruiz Franco</surName>
    </individualName>
<organizationName>Ministerio para la Transición Ecológica y el Reto Demográfico</organizationName>    <address>
<country>SPAIN</country>    </address>
<electronicMailAddress>brfranco@miteco.es</electronicMailAddress>      </contact>

</dataset>

<additionalMetadata>
    <metadata>
      <gbif>
        <dateStamp>2022-05-23T19:37:14Z</dateStamp>
      <citation>Villares Muyo J M, Ruiz Franco B (2020). Ministerio de Medio Ambiente, y Medio Rural y Marino. Dirección General de Medio Natural y Política Forestal. Inventario Nacional de Biodiversidad 2007, Reptiles. Spanish Ministry for Ecological Transition and Demographic Challenge. Occurrence dataset https://doi.org/10.15468/vxn86z accessed via GBIF.org on 2022-05-23.</citation>
              <physical>
                  <objectName>GBIF Occurrence Download</objectName>
                  <characterEncoding>UTF-8</characterEncoding>
                  <dataFormat>
                      <externallyDefinedFormat>
                          <formatName>Darwin Core Archive</formatName>
                      </externallyDefinedFormat>
                  </dataFormat>
                  <distribution>
                      <online>
                          <url function="download">http://api.gbif.org/v1/occurrence/download/request/0002066-180131172636756.zip</url>
                      </online>
                  </distribution>
              </physical>
      </gbif>
    </metadata>
</additionalMetadata>

</eml:eml>
