<?xml version="1.0" encoding="utf-8"?>
<eml:eml xmlns:eml="eml://ecoinformatics.org/eml-2.1.1" xmlns:xsi="http://www.w3.org/2001/XMLSchema-instance"
         xsi:schemaLocation="eml://ecoinformatics.org/eml-2.1.1 http://rs.gbif.org/schema/eml-gbif-profile/1.1/eml.xsd"
        packageId="64be02e0-0c64-11dd-84d1-b8a03c50a862"  system="http://gbif.org" scope="system"
  xml:lang="en">

<dataset>
      <alternateIdentifier>10.15468/b9o7h4</alternateIdentifier>
        <alternateIdentifier>https://www.gbif.se/ipt/resource?r=nrm-herpetology</alternateIdentifier>
        <alternateIdentifier>http://www.gbif.se/ipt/resource?r=nrm-herpetology</alternateIdentifier>
        <alternateIdentifier>http://www.gbif.se/ipt/resource.do?r=nrm-herpetology</alternateIdentifier>
        <alternateIdentifier>64be02e0-0c64-11dd-84d1-b8a03c50a862</alternateIdentifier>
        <alternateIdentifier>1036</alternateIdentifier>
    <title>Herpetology Collection NRM</title>
    <creator>
    <individualName>
<givenName>Sven</givenName>          <surName>Kullander</surName>
    </individualName>
<organizationName>Swedish museum of natural history</organizationName><positionName>Senior Curator</positionName>    <address>
<country>SWEDEN</country>    </address>
<electronicMailAddress>sven.kullander@nrm.se</electronicMailAddress>    </creator>
    <metadataProvider>
    <individualName>
<givenName>Sven</givenName>          <surName>Kullander</surName>
    </individualName>
<organizationName>Swedish museum of natural history</organizationName><positionName>Senior Curator</positionName>    <address>
<country>SWEDEN</country>    </address>
<electronicMailAddress>sven.kullander@nrm.se</electronicMailAddress>    </metadataProvider>
    <associatedParty>
    <individualName>
<givenName>Sven</givenName>          <surName>Kullander</surName>
    </individualName>
<organizationName>Swedish museum of natural history</organizationName><positionName>Senior Curator</positionName>    <address>
<country>SWEDEN</country>    </address>
<electronicMailAddress>sven.kullander@nrm.se</electronicMailAddress>    <role>USER</role>
    </associatedParty>
      <pubDate>
      2022-05-19
      </pubDate>
    <language>ENGLISH</language>
    <abstract>
        <para>This database contains information on the so far registered specimens in the Herpetology Collection of the Swedish Museum of Natural History. The database is managed with The Artedian collection management system in MS-Access. The main tables describe collecting events and collection objects which are related on a one to many relationships. The database is Darwin Core compatible but uses alternative table names and includes also loan routines, document management and other components of collection management. Principal items managed are objects (catalog number, identification, number of specimens, sex size, location in collection, collection space, preservative, identifier, etc.); localities (collecting events with date, collector, geographic information including co-ordinates, and more), collecting site habitat; loans (with extensive metadata), accession information (date of accession, donors, acquisition conditions etc., specimen preservation progress). DNA samples are managed as subsamples of objects. Specimen and collecting site images are managed with extensive metadata. The database has a web presentation at http://artedi.nrm.se/nrmfish.</para>
    </abstract>
        <keywordSet>
              <keyword>Occurrence</keyword>
              <keywordThesaurus>GBIF Dataset Type Vocabulary: http://rs.gbif.org/vocabulary/gbif/dataset_type.xml</keywordThesaurus>
        </keywordSet>
        <keywordSet>
              <keyword>Specimen</keyword>
              <keywordThesaurus>GBIF Dataset Subtype Vocabulary: http://rs.gbif.org/vocabulary/gbif/dataset_subtype.xml</keywordThesaurus>
        </keywordSet>
        <keywordSet>
              <keyword>Occurrence</keyword>
              <keywordThesaurus>GBIF Dataset Type Vocabulary: http://rs.gbif.org/vocabulary/gbif/dataset_type_2015-07-10.xml</keywordThesaurus>
        </keywordSet>
      <intellectualRights>
        <para>To the extent possible under law, the publisher has waived all rights to these data and has dedicated them to the <ulink url="http://creativecommons.org/publicdomain/zero/1.0/legalcode"><citetitle>Public Domain (CC0 1.0)</citetitle></ulink>. Users may copy, modify, distribute and use the work, including for commercial purposes, without restriction.</para>
      </intellectualRights>
      <distribution scope="document">
          <online>
              <url function="information">http://www.nrm.se/en/forskningochsamlingar/zoologi/samlingar/vertebrater.9002804.html</url>
          </online>
      </distribution>
      <maintenance>
          <description>
              <para></para>
          </description>
          <maintenanceUpdateFrequency>unkown</maintenanceUpdateFrequency>
      </maintenance>
      <contact>
    <individualName>
<givenName>Sven</givenName>          <surName>Kullander</surName>
    </individualName>
<organizationName>Swedish museum of natural history</organizationName><positionName>Senior Curator</positionName>    <address>
<country>SWEDEN</country>    </address>
<electronicMailAddress>sven.kullander@nrm.se</electronicMailAddress>      </contact>

</dataset>

<additionalMetadata>
    <metadata>
      <gbif>
        <dateStamp>2022-05-23T19:37:14Z</dateStamp>
      <citation>Kullander S (2022). Herpetology Collection NRM. GBIF-Sweden. Occurrence dataset https://doi.org/10.15468/b9o7h4 accessed via GBIF.org on 2022-05-23.</citation>
      </gbif>
    </metadata>
</additionalMetadata>

</eml:eml>
