<?xml version="1.0" encoding="utf-8"?>
<eml:eml xmlns:eml="eml://ecoinformatics.org/eml-2.1.1" xmlns:xsi="http://www.w3.org/2001/XMLSchema-instance"
         xsi:schemaLocation="eml://ecoinformatics.org/eml-2.1.1 http://rs.gbif.org/schema/eml-gbif-profile/1.1/eml.xsd"
        packageId="793c3890-6c8a-11de-8226-b8a03c50a862"  system="http://gbif.org" scope="system"
  xml:lang="en">

<dataset>
      <alternateIdentifier>10.15468/giro3a</alternateIdentifier>
        <alternateIdentifier>https://collections.ala.org.au/public/show/dr343</alternateIdentifier>
        <alternateIdentifier>bfde892d-c9ef-3993-93cb-b6261e1606cb</alternateIdentifier>
        <alternateIdentifier>http://collections.ala.org.au/public/show/dr343</alternateIdentifier>
        <alternateIdentifier>793c3890-6c8a-11de-8226-b8a03c50a862</alternateIdentifier>
        <alternateIdentifier>74e82551-0491-38e7-bc7f-57e11990d034</alternateIdentifier>
        <alternateIdentifier>8e8c0fcc-4c53-392a-b1a4-efc60cb5b0ff</alternateIdentifier>
        <alternateIdentifier>14116</alternateIdentifier>
    <title>Northern Territory Museum and Art Gallery provider for OZCAM</title>
    <creator>
<organizationName>OZCAM (Online Zoological Collections of Australian Museums) Provider</organizationName>    </creator>
    <creator>
<organizationName>Museum and Art Gallery of the Northern Territory</organizationName>    </creator>
    <metadataProvider>
<organizationName>OZCAM (Online Zoological Collections of Australian Museums) Provider</organizationName>    </metadataProvider>
    <associatedParty>
<organizationName>Atlas of Living Australia</organizationName>    <address>
<deliveryPoint>CSIRO Ecosystems Services</deliveryPoint><city>Canberra</city><administrativeArea>ACT</administrativeArea><postalCode>2601</postalCode><country>AUSTRALIA</country>    </address>
    <role>DISTRIBUTOR</role>
    </associatedParty>
      <pubDate>
      2019-09-26
      </pubDate>
    <language>ENGLISH</language>
    <abstract>
        <para>Northern Territory Museum and Art Gallery provider for OZCAM</para>
    </abstract>
      <intellectualRights>
        <para>This work is licensed under a <ulink url="http://creativecommons.org/licenses/by/4.0/legalcode"><citetitle>Creative Commons Attribution (CC-BY) 4.0 License</citetitle></ulink>.</para>
      </intellectualRights>
      <distribution scope="document">
          <online>
              <url function="information">https://collections.ala.org.au/public/show/dr343</url>
          </online>
      </distribution>
      <contact>
<organizationName>Atlas of Living Australia</organizationName>    <address>
<deliveryPoint>CSIRO Ecosystems Services</deliveryPoint><city>Canberra</city><administrativeArea>ACT</administrativeArea><postalCode>2601</postalCode><country>AUSTRALIA</country>    </address>
      </contact>
      <methods>
      </methods>

</dataset>

<additionalMetadata>
    <metadata>
      <gbif>
        <dateStamp>2022-05-23T19:37:19Z</dateStamp>
      <citation>Museum and Art Gallery of the Northern Territory (2019). Northern Territory Museum and Art Gallery provider for OZCAM. Occurrence dataset https://doi.org/10.15468/giro3a accessed via GBIF.org on 2022-05-23.</citation>
              <resourceLogoUrl>https://collections.ala.org.au/data/dataProvider/ozcam.png</resourceLogoUrl>
      </gbif>
    </metadata>
</additionalMetadata>

</eml:eml>
