<?xml version="1.0" encoding="utf-8"?>
<eml:eml xmlns:eml="eml://ecoinformatics.org/eml-2.1.1" xmlns:xsi="http://www.w3.org/2001/XMLSchema-instance"
         xsi:schemaLocation="eml://ecoinformatics.org/eml-2.1.1 http://rs.gbif.org/schema/eml-gbif-profile/1.1/eml.xsd"
        packageId="7ba21217-49f0-40be-8f6c-cdee8916e50d"  system="http://gbif.org" scope="system"
  xml:lang="es">

<dataset>
      <alternateIdentifier>10.15468/cxptxa</alternateIdentifier>
        <alternateIdentifier>https://www.snib.mx/iptconabio/resource?r=SNIB-CS009</alternateIdentifier>
        <alternateIdentifier>http://ipttest.conabio.gob.mx/iptconabiotest/resource?r=SNIB-CS009</alternateIdentifier>
        <alternateIdentifier>http://www.snib.mx/iptconabio/resource?r=SNIB-CS009</alternateIdentifier>
        <alternateIdentifier>http://www.snib.mx/iptconabio/resource?r=SNIB-CS009-Varios+archivos+XLS-ND</alternateIdentifier>
        <alternateIdentifier>7ba21217-49f0-40be-8f6c-cdee8916e50d</alternateIdentifier>
    <title>Determinación del estado de las poblaciones silvestres del cocodrilo de pantano (Crocodylus moreletii) en México y evaluación de su estatus en la CITES</title>
    <creator>
    <individualName>
<givenName>Jerónimo</givenName>          <surName>Domínguez Laso</surName>
    </individualName>
<organizationName>Instituto de Historia Natural y Ecología</organizationName><positionName>Responsable</positionName>    <address>
<country>MEXICO</country>    </address>
    </creator>
    <metadataProvider>
    <individualName>
<givenName>CONABIO</givenName>          <surName>Comisión nacional para el conocimiento y uso de la biodiversidad</surName>
    </individualName>
<organizationName>Comisión Nacional para el Conocimiento y Uso de la Biodiversidad</organizationName><positionName>Dirección General de Sistemas</positionName>    <address>
<deliveryPoint>Liga Periférico-Insurgentes Sur No. 4903, Col. Parques del Pedregal</deliveryPoint><city>MÉXICO</city><administrativeArea>Tlalpan</administrativeArea><postalCode>14010</postalCode><country>MEXICO</country>    </address>
<phone>50045000</phone><electronicMailAddress>patricia.ramos@conabio.gob.mx</electronicMailAddress><onlineUrl>https://www.gob.mx/conabio</onlineUrl>    </metadataProvider>
      <pubDate>
      2021-07-16
      </pubDate>
    <language>SPANISH</language>
    <abstract>
        <para>Proyecto financiado parcialmente por el Instituto de Historia Natural y Ecología, la Asociación para la Conservación, Manejo y Aprovechamiento Sustentable de Flora y Fauna Silvestre, UMA´s Cocodrilos Mexicanos e Industrias Moreleti
El orden Crocodylia se encuentra representado en México por tres especies, una pertenece a la familia Alligatoridae y es conocido como Caimán o pululo Caiman crocodilus; las otras dos especies pertenecen a la familia Crocodylidae y son los cocodrilos de río y el de pantano; también llamados Lagarto real Crocodylus acutus y Lagarto negro Crocodylus moreletii. Las tres especies fueron explotadas intensamente en el pasado en México y se determinó que estaban en peligro de extinción y quizá algunas poblaciones se extinguieron. 
En 1970 se decretó la veda total para el aprovechamiento de los Crocodylia y aunque clandestinamente se continuó éste, algunas poblaciones de las tres especies se recuperaron. El cocodrilo de pantano Crocodylus moreletii es la especie que mejor se cotiza para la industria peletera y por ello la mayoría de las granjas de ciclo cerrado establecidas para Crocodylia en México son para esta especie. La distribución del cocodrilo de pantano se localiza en la llanura del Golfo de México, desde el nivel del mar hasta cerca de los 900 m.s.n.m. Su territorio se extiende desde el estado de Tamaulipas al norte y se continúa por los estados que tienen vertiente hacia el Golfo de México como San Luis Potosí, Veracruz, Tabasco, Oaxaca y Chiapas, y al mar Caribe como Campeche, Yucatán y Quintana Roo. La distribución en otros países es exclusivamente para Belice y Guatemala. Crocodylus moreletii fue descrito en el Petén, Guatemala, por ello uno de sus nombres comunes internacionales es &amp;#34;Peten crocodile&amp;#34;, sin embargo en México ocupa una superficie mucho mayor a la que tiene en los otros dos países (Álvarez del Toro y Sigler 2001). (Ver Mapa 1).
En México no se sabe con certeza científica el estado de conservación de la especie en vida silvestre y aunque se tienen datos, éstos no se han colectado ordenadamente y sobretodo no se han publicado de manera científica. Sigler 1996 comenta que algunos zoológicos y criaderos de ciclo cerrado han liberado cocodrilos en el medio silvestre, pero la mayoría de estos esfuerzos han carecido de estudios de evaluación para conocer los resultados de esta actividad. Varios investigadores mexicanos han expresado que la especie está mucho mejor conservada que lo que técnicamente se conoce (Remolina 1990, Domínguez 2002, Cedeño 2002) y que debería ser transferida del apéndice I al II de la Convención sobre el Comercio Internacional de Especies Amenazadas de Flora y Fauna Silvestres (CITES). Al mismo tiempo, los investigadores señalan que los esfuerzos para la conservación de la especie, dependerán en gran medida de las posibilidades de su aprovechamiento de manera sustentable (Merediz 1999), ya sea en criaderos o por extracción de la naturaleza, lo cual será más fácil de realizar si la especie se encuentra en el estatus que realmente le corresponde. En el año 2002, Sigler et al realizaron una evaluación de las poblaciones de cocodrilo de pantano en 26 localidades, y los resultados indican que sus poblaciones están en proceso de recuperación en algunos de los sitios y en otros están ya recuperadas.</para>
        <para>Reino: 1
Filo: 1
Clase: 1
Orden: 1
Familia: 1
Género: 1
Especie: 1</para>
    </abstract>
        <keywordSet>
              <keyword>Occurrence</keyword>
              <keywordThesaurus>GBIF Dataset Type Vocabulary: http://rs.gbif.org/vocabulary/gbif/dataset_type.xml</keywordThesaurus>
        </keywordSet>
        <keywordSet>
              <keyword>Specimen</keyword>
              <keywordThesaurus>GBIF Dataset Subtype Vocabulary: http://rs.gbif.org/vocabulary/gbif/dataset_subtype.xml</keywordThesaurus>
        </keywordSet>
        <keywordSet>
              <keyword>Reptiles</keyword>
              <keywordThesaurus>N/A</keywordThesaurus>
        </keywordSet>
      <intellectualRights>
        <para>This work is licensed under a <ulink url="http://creativecommons.org/licenses/by/4.0/legalcode"><citetitle>Creative Commons Attribution (CC-BY) 4.0 License</citetitle></ulink>.</para>
      </intellectualRights>
      <distribution scope="document">
          <online>
              <url function="information">http://www.snib.mx/proyectos/cgi-bin/datos2.cgi?Letras=CS&amp;Numero=9</url>
          </online>
      </distribution>
      <coverage>
          <temporalCoverage>
            <rangeOfDates>
              <beginDate>
                <calendarDate>      2004-09-26
</calendarDate>
              </beginDate>
              <endDate>
                <calendarDate>      2004-10-28
</calendarDate>
              </endDate>
            </rangeOfDates>
          </temporalCoverage>
              <taxonomicCoverage>
                    <generalTaxonomicCoverage>Reino: Animalia
Filo: Chordata
Clase: Reptilia
Orden: Crocodylia
Familia: Crocodylidae</generalTaxonomicCoverage>
                    <taxonomicClassification>
                          <taxonRankName>Kingdom</taxonRankName>
                        <taxonRankValue>Animalia</taxonRankValue>
                    </taxonomicClassification>
                    <taxonomicClassification>
                          <taxonRankName>Phylum</taxonRankName>
                        <taxonRankValue>Chordata</taxonRankValue>
                    </taxonomicClassification>
                    <taxonomicClassification>
                          <taxonRankName>Class</taxonRankName>
                        <taxonRankValue>Reptilia</taxonRankValue>
                    </taxonomicClassification>
                    <taxonomicClassification>
                          <taxonRankName>Order</taxonRankName>
                        <taxonRankValue>Crocodylia</taxonRankValue>
                    </taxonomicClassification>
                    <taxonomicClassification>
                          <taxonRankName>Family</taxonRankName>
                        <taxonRankValue>Crocodylidae</taxonRankValue>
                    </taxonomicClassification>
                    <taxonomicClassification>
                          <taxonRankName>Genus</taxonRankName>
                        <taxonRankValue>Crocodylus</taxonRankValue>
                    </taxonomicClassification>
                    <taxonomicClassification>
                          <taxonRankName>Species</taxonRankName>
                        <taxonRankValue>Crocodylus moreletii</taxonRankValue>
                          <commonName>cocodrilo de pantano, cocodrilo Moreleti, lagarto de El Petén, lagarto negro, lagarto pantanero</commonName>
                    </taxonomicClassification>
              </taxonomicCoverage>
      </coverage>
      <maintenance>
          <description>
              <para></para>
          </description>
          <maintenanceUpdateFrequency>notPlanned</maintenanceUpdateFrequency>
      </maintenance>
      <contact>
    <individualName>
<givenName>Patricia</givenName>          <surName>Ramos Rivera</surName>
    </individualName>
<organizationName>Comisión Nacional para el Conocimiento y Uso de la Biodiversidad</organizationName><positionName>Dirección General de Sistemas</positionName>    <address>
<deliveryPoint>Liga Periférico-Insurgentes Sur No. 4903, Col. Parques del Pedregal</deliveryPoint><city>México</city><administrativeArea>Tlalpan</administrativeArea><postalCode>14010</postalCode><country>MEXICO</country>    </address>
<phone>50045000</phone><electronicMailAddress>patricia.ramos@conabio.gob.mx</electronicMailAddress><onlineUrl>https://www.gob.mx/conabio</onlineUrl>      </contact>

      <project id="SNIB-CS009-Varios archivos XLS-ND">
          <title>Determinación del estado de las poblaciones silvestres del cocodrilo de pantano (Crocodylus moreletii) en México y evaluación de su estatus en la CITES</title>
          <personnel>
    <individualName>
<givenName>Jerónimo</givenName>          <surName>Domínguez Laso</surName>
    </individualName>
    <role>CONTENT_PROVIDER</role>
          </personnel>
          <abstract>
              <para>Proyecto financiado parcialmente por el Instituto de Historia Natural y Ecología, la Asociación para la Conservación, Manejo y Aprovechamiento Sustentable de Flora y Fauna Silvestre, UMA´s Cocodrilos Mexicanos e Industrias Moreleti
El orden Crocodylia se encuentra representado en México por tres especies, una pertenece a la familia Alligatoridae y es conocido como Caimán o pululo Caiman crocodilus; las otras dos especies pertenecen a la familia Crocodylidae y son los cocodrilos de río y el de pantano; también llamados Lagarto real Crocodylus acutus y Lagarto negro Crocodylus moreletii. Las tres especies fueron explotadas intensamente en el pasado en México y se determinó que estaban en peligro de extinción y quizá algunas poblaciones se extinguieron. 
En 1970 se decretó la veda total para el aprovechamiento de los Crocodylia y aunque clandestinamente se continuó éste, algunas poblaciones de las tres especies se recuperaron. El cocodrilo de pantano Crocodylus moreletii es la especie que mejor se cotiza para la industria peletera y por ello la mayoría de las granjas de ciclo cerrado establecidas para Crocodylia en México son para esta especie. La distribución del cocodrilo de pantano se localiza en la llanura del Golfo de México, desde el nivel del mar hasta cerca de los 900 m.s.n.m. Su territorio se extiende desde el estado de Tamaulipas al norte y se continúa por los estados que tienen vertiente hacia el Golfo de México como San Luis Potosí, Veracruz, Tabasco, Oaxaca y Chiapas, y al mar Caribe como Campeche, Yucatán y Quintana Roo. La distribución en otros países es exclusivamente para Belice y Guatemala. Crocodylus moreletii fue descrito en el Petén, Guatemala, por ello uno de sus nombres comunes internacionales es &quot;Peten crocodile&quot;, sin embargo en México ocupa una superficie mucho mayor a la que tiene en los otros dos países (Álvarez del Toro y Sigler 2001). (Ver Mapa 1).
En México no se sabe con certeza científica el estado de conservación de la especie en vida silvestre y aunque se tienen datos, éstos no se han colectado ordenadamente y sobretodo no se han publicado de manera científica. Sigler 1996 comenta que algunos zoológicos y criaderos de ciclo cerrado han liberado cocodrilos en el medio silvestre, pero la mayoría de estos esfuerzos han carecido de estudios de evaluación para conocer los resultados de esta actividad. Varios investigadores mexicanos han expresado que la especie está mucho mejor conservada que lo que técnicamente se conoce (Remolina 1990, Domínguez 2002, Cedeño 2002) y que debería ser transferida del apéndice I al II de la Convención sobre el Comercio Internacional de Especies Amenazadas de Flora y Fauna Silvestres (CITES). Al mismo tiempo, los investigadores señalan que los esfuerzos para la conservación de la especie, dependerán en gran medida de las posibilidades de su aprovechamiento de manera sustentable (Merediz 1999), ya sea en criaderos o por extracción de la naturaleza, lo cual será más fácil de realizar si la especie se encuentra en el estatus que realmente le corresponde. En el año 2002, Sigler et al realizaron una evaluación de las poblaciones de cocodrilo de pantano en 26 localidades, y los resultados indican que sus poblaciones están en proceso de recuperación en algunos de los sitios y en otros están ya recuperadas.</para>
          </abstract>
          <funding>
              <para>Comisión Nacional para el Conocimiento y Uso de la Biodiversidad (CONABIO)</para>
          </funding>
            <studyAreaDescription>
                <descriptor name="generic" citableClassificationSystem="false">
                    <descriptorValue>Reptiles
caimanes, cocodrilos</descriptorValue>
                </descriptor>
            </studyAreaDescription>
      </project>
</dataset>

<additionalMetadata>
    <metadata>
      <gbif>
        <dateStamp>2022-05-23T19:37:20Z</dateStamp>
      <citation>Domínguez Laso J, Comisión nacional para el conocimiento y uso de la biodiversidad C (2021). Determinación del estado de las poblaciones silvestres del cocodrilo de pantano (Crocodylus moreletii) en México y evaluación de su estatus en la CITES. Version 1.10. Comisión nacional para el conocimiento y uso de la biodiversidad. Occurrence dataset https://doi.org/10.15468/cxptxa accessed via GBIF.org on 2022-05-23.</citation>
              <physical>
                  <objectName>SNIB-CS009-CSV.zip</objectName>
                  <characterEncoding>UTF-8</characterEncoding>
                  <dataFormat>
                      <externallyDefinedFormat>
                          <formatName>CSV</formatName>
                      </externallyDefinedFormat>
                  </dataFormat>
                  <distribution>
                      <online>
                          <url function="download">http://www.snib.mx/proyectos/CS009/SNIB-CS009-CSV.zip</url>
                      </online>
                  </distribution>
              </physical>
              <physical>
                  <objectName>SNIB-CS009-BD.zip</objectName>
                  <characterEncoding>UTF-8</characterEncoding>
                  <dataFormat>
                      <externallyDefinedFormat>
                          <formatName>MDB</formatName>
                            <formatVersion>MicrosoftAccess2007</formatVersion>
                      </externallyDefinedFormat>
                  </dataFormat>
                  <distribution>
                      <online>
                          <url function="download">http://www.snib.mx/proyectos/CS009/SNIB-CS009-BD.zip</url>
                      </online>
                  </distribution>
              </physical>
              <collection>
                <parentCollectionIdentifier>NO APLICA</parentCollectionIdentifier>
                <collectionIdentifier>SNIB-CS009-Varios archivos XLS-ND</collectionIdentifier>
                <collectionName>NO APLICA;NO APLICA;Instituto de Historia Natural y Ecología;IHNE</collectionName>
              </collection>
      </gbif>
    </metadata>
</additionalMetadata>

</eml:eml>
