<?xml version="1.0" encoding="utf-8"?>
<eml:eml xmlns:eml="eml://ecoinformatics.org/eml-2.1.1" xmlns:xsi="http://www.w3.org/2001/XMLSchema-instance"
         xsi:schemaLocation="eml://ecoinformatics.org/eml-2.1.1 http://rs.gbif.org/schema/eml-gbif-profile/1.1/eml.xsd"
        packageId="832b8188-f762-11e1-a439-00145eb45e9a"  system="http://gbif.org" scope="system"
  xml:lang="en">

<dataset>
      <alternateIdentifier>10.15468/vw3dvj</alternateIdentifier>
        <alternateIdentifier>http://ipt.flmnh.ufl.edu:8080/ipt/resource?r=herpetology</alternateIdentifier>
        <alternateIdentifier>http://ipt.flmnh.ufl.edu:8080/ipt/resource.do?r=herpetology</alternateIdentifier>
        <alternateIdentifier>832b8188-f762-11e1-a439-00145eb45e9a</alternateIdentifier>
        <alternateIdentifier>182</alternateIdentifier>
    <title>University of Florida Herpetology</title>
    <creator>
    <individualName>
<givenName>David</givenName>          <surName>Blackburn</surName>
    </individualName>
<organizationName>Florida Museum of Natural History</organizationName><positionName>Associate Curator of Amphibians and Reptiles</positionName>    <address>
<deliveryPoint>Dickinson Hall, 1659 Museum Road</deliveryPoint><city>Gainesville</city><administrativeArea>FL</administrativeArea><postalCode>32611</postalCode><country>UNITED_STATES</country>    </address>
<phone>352-273-1946</phone><electronicMailAddress>dblackburn@flmnh.ufl.edu</electronicMailAddress><onlineUrl>http://www.flmnh.ufl.edu/herpetology/</onlineUrl>    </creator>
    <metadataProvider>
    <individualName>
<givenName>Warren</givenName>          <surName>Brown</surName>
    </individualName>
<organizationName>Florida Museum of Natural History</organizationName><positionName>IT Director</positionName>    <address>
<deliveryPoint>Dickinson Hall, 1659 Museum Road</deliveryPoint><city>Gainesville</city><administrativeArea>FL</administrativeArea><postalCode>32611</postalCode><country>UNITED_STATES</country>    </address>
<phone>352-273-1911</phone><electronicMailAddress>netadmin@flmnh.ufl.edu</electronicMailAddress><onlineUrl>http://www.flmnh.ufl.edu/omt</onlineUrl>    </metadataProvider>
    <associatedParty>
    <individualName>
<givenName>OMT</givenName>          <surName>FLMNH</surName>
    </individualName>
    <address>
<country>UNITED_STATES</country>    </address>
<electronicMailAddress>netadmin@flmnh.ufl.edu</electronicMailAddress>    <role>USER</role>
    </associatedParty>
      <pubDate>
      2022-05-23
      </pubDate>
    <language>ENGLISH</language>
    <abstract>
        <para>Data for preserved specimens of amphibians and reptiles in the Florida Museum of Natural History</para>
    </abstract>
        <keywordSet>
              <keyword>Occurrence</keyword>
              <keywordThesaurus>GBIF Dataset Type Vocabulary: http://rs.gbif.org/vocabulary/gbif/dataset_type.xml</keywordThesaurus>
        </keywordSet>
        <keywordSet>
              <keyword>Occurrence</keyword>
              <keywordThesaurus>GBIF Dataset Type Vocabulary: http://rs.gbif.org/vocabulary/gbif/dataset_type_2015-07-10.xml</keywordThesaurus>
        </keywordSet>
      <intellectualRights>
        <para>This work is licensed under a <ulink url="http://creativecommons.org/licenses/by-nc/4.0/legalcode"><citetitle>Creative Commons Attribution Non Commercial (CC-BY-NC) 4.0 License</citetitle></ulink>.</para>
      </intellectualRights>
      <maintenance>
          <description>
              <para></para>
          </description>
          <maintenanceUpdateFrequency>unkown</maintenanceUpdateFrequency>
      </maintenance>
      <contact>
    <individualName>
<givenName>David</givenName>          <surName>Blackburn</surName>
    </individualName>
<organizationName>Florida Museum of Natural History</organizationName><positionName>Associate Curator of Amphibians and Reptiles</positionName>    <address>
<deliveryPoint>Dickinson Hall, 1659 Museum Road</deliveryPoint><city>Gainesville</city><administrativeArea>FL</administrativeArea><postalCode>32611</postalCode><country>UNITED_STATES</country>    </address>
<phone>352-273-1946</phone><electronicMailAddress>dblackburn@flmnh.ufl.edu</electronicMailAddress><onlineUrl>http://www.flmnh.ufl.edu/herpetology/</onlineUrl>      </contact>

</dataset>

<additionalMetadata>
    <metadata>
      <gbif>
        <dateStamp>2022-05-23T19:37:19Z</dateStamp>
      <citation>Blackburn D, Brown W (2022). University of Florida Herpetology. Florida Museum of Natural History. Occurrence dataset https://doi.org/10.15468/vw3dvj accessed via GBIF.org on 2022-05-23.</citation>
      </gbif>
    </metadata>
</additionalMetadata>

</eml:eml>
