<?xml version="1.0" encoding="utf-8"?>
<eml:eml xmlns:eml="eml://ecoinformatics.org/eml-2.1.1" xmlns:xsi="http://www.w3.org/2001/XMLSchema-instance"
         xsi:schemaLocation="eml://ecoinformatics.org/eml-2.1.1 http://rs.gbif.org/schema/eml-gbif-profile/1.1/eml.xsd"
        packageId="84b4d6e4-f762-11e1-a439-00145eb45e9a"  system="http://gbif.org" scope="system"
  xml:lang="en">

<dataset>
      <alternateIdentifier>10.15468/tacqs9</alternateIdentifier>
        <alternateIdentifier>http://ipt.vertnet.org:8080/ipt/resource?r=sdnhm_herps</alternateIdentifier>
        <alternateIdentifier>http://ipt.vertnet.org:8080/ipt/resource.do?r=sdnhm_herps</alternateIdentifier>
        <alternateIdentifier>84b4d6e4-f762-11e1-a439-00145eb45e9a</alternateIdentifier>
        <alternateIdentifier>642</alternateIdentifier>
    <title>SDNHM Herpetology Collection</title>
    <creator>
    <individualName>
<givenName>Bradford</givenName>          <surName>Hollingsworth</surName>
    </individualName>
<organizationName>San Diego Natural History Museum</organizationName><positionName>Curator of Herpetology</positionName>    <address>
<deliveryPoint>1788 El Prado, Balboa Park</deliveryPoint><city>San Diego</city><administrativeArea>CA</administrativeArea><postalCode>92101</postalCode><country>UNITED_STATES</country>    </address>
<phone>+01 619-255-0277</phone><electronicMailAddress>bhollingsworth@sdnhm.org</electronicMailAddress><onlineUrl>http://www.sdnhm.org/</onlineUrl>    </creator>
    <metadataProvider>
    <individualName>
<givenName>Bradford</givenName>          <surName>Hollingsworth</surName>
    </individualName>
<organizationName>San Diego Natural History Museum</organizationName><positionName>Curator of Herpetology</positionName>    <address>
<deliveryPoint>1788 El Prado, Balboa Park</deliveryPoint><city>San Diego</city><administrativeArea>CA</administrativeArea><postalCode>92101</postalCode><country>UNITED_STATES</country>    </address>
<phone>+01 619-255-0277</phone><electronicMailAddress>bhollingsworth@sdnhm.org</electronicMailAddress><onlineUrl>http://www.sdnhm.org/</onlineUrl>    </metadataProvider>
    <associatedParty>
    <individualName>
<givenName>Laura</givenName>          <surName>Russell</surName>
    </individualName>
<organizationName>VertNet</organizationName><positionName>VertNet Programmer</positionName><electronicMailAddress>larussell@vertnet.org</electronicMailAddress><onlineUrl>http://www.vertnet.org</onlineUrl>    <role>PROGRAMMER</role>
    </associatedParty>
    <associatedParty>
    <individualName>
<givenName>David</givenName>          <surName>Bloom</surName>
    </individualName>
<organizationName>VertNet</organizationName><positionName>VertNet Coordinator</positionName><electronicMailAddress>dbloom@vertnet.org</electronicMailAddress><onlineUrl>http://www.vertnet.org</onlineUrl>    <role>PROGRAMMER</role>
    </associatedParty>
    <associatedParty>
    <individualName>
<givenName>John</givenName>          <surName>Wieczorek</surName>
    </individualName>
<organizationName>Museum of Vertebrate Zoology at UC Berkeley</organizationName><positionName>Information Architect</positionName><electronicMailAddress>tuco@berkeley.edu</electronicMailAddress>    <role>PROGRAMMER</role>
    </associatedParty>
    <associatedParty>
    <individualName>
<givenName>Ray</givenName>          <surName>Garcia</surName>
    </individualName>
<organizationName>San Diego Natural History Museum</organizationName><positionName>Web Applications Programmer</positionName>    <address>
<deliveryPoint>1788 El Prado, Balboa Park</deliveryPoint><city>San Diego</city><administrativeArea>CA</administrativeArea><postalCode>92101</postalCode><country>UNITED_STATES</country>    </address>
<phone>+01 619-255-0175</phone><electronicMailAddress>rgarcia@sdnhm.org</electronicMailAddress><onlineUrl>http://www.sdnhm.org/</onlineUrl>    <role>PROGRAMMER</role>
    </associatedParty>
      <pubDate>
      2018-03-21
      </pubDate>
    <language>ENGLISH</language>
    <abstract>
        <para>The San Diego Natural History Museum Department of Herpetology focuses on the study of amphibians and reptiles. Resources are available to scientists to help better understand amphibian and reptile biology and conserve species when their existence is threatened. The great diversity of amphibian and reptile species is preserved for scientific research in the form of alcohol-preserved and skeletal specimens. The herpetology collection holds over 76,000 catalogued specimens (73,300 fluid-preserved specimens and 3,100 skeletons with 212 primary and 500 secondary types) dating back to the 1890s. The collection has been built over the past century and is actively being added to today. All cataloged specimens are computer databased which allows for any combination of taxonomic and geographic records to be searched.</para>
    </abstract>
        <keywordSet>
              <keyword>Occurrence</keyword>
              <keywordThesaurus>GBIF Dataset Type Vocabulary: http://rs.gbif.org/vocabulary/gbif/dataset_type.xml</keywordThesaurus>
        </keywordSet>
        <keywordSet>
              <keyword>Specimen</keyword>
              <keywordThesaurus>GBIF Dataset Subtype Vocabulary: http://rs.gbif.org/vocabulary/gbif/dataset_subtype.xml</keywordThesaurus>
        </keywordSet>
      <additionalInfo>
          <para>http://vertnet.org/resources/norms.html</para>
      </additionalInfo>
      <intellectualRights>
        <para>To the extent possible under law, the publisher has waived all rights to these data and has dedicated them to the <ulink url="http://creativecommons.org/publicdomain/zero/1.0/legalcode"><citetitle>Public Domain (CC0 1.0)</citetitle></ulink>. Users may copy, modify, distribute and use the work, including for commercial purposes, without restriction.</para>
      </intellectualRights>
      <distribution scope="document">
          <online>
              <url function="information">http://www.sdnhm.org/science/herpetology/</url>
          </online>
      </distribution>
      <coverage>
            <geographicCoverage>
                  <geographicDescription>Over 57% of the collection comes from California and Baja California, making it one of the largest resources for this area. The collection is well represented with specimens from throughout the southwest United States, northwest Mexico, and islands worldwide.</geographicDescription>
                  <boundingCoordinates>
                      <westBoundingCoordinate>-180</westBoundingCoordinate>
                      <eastBoundingCoordinate>180</eastBoundingCoordinate>
                      <northBoundingCoordinate>90</northBoundingCoordinate>
                      <southBoundingCoordinate>-90</southBoundingCoordinate>
                  </boundingCoordinates>
            </geographicCoverage>
              <taxonomicCoverage>
                    <generalTaxonomicCoverage>Of particular importance is the Laurence M. Klauber collection containing over 43,000 specimens he personally cataloged. This includes his rattlesnake collection, containing over 8,600 specimens, and representing nearly every known species.</generalTaxonomicCoverage>
                    <taxonomicClassification>
                          <taxonRankName>Class</taxonRankName>
                        <taxonRankValue>Amphibia</taxonRankValue>
                          <commonName>amphibians</commonName>
                    </taxonomicClassification>
                    <taxonomicClassification>
                          <taxonRankName>Class</taxonRankName>
                        <taxonRankValue>Reptilia</taxonRankValue>
                          <commonName>reptiles</commonName>
                    </taxonomicClassification>
              </taxonomicCoverage>
      </coverage>
      <maintenance>
          <description>
              <para></para>
          </description>
          <maintenanceUpdateFrequency>unkown</maintenanceUpdateFrequency>
      </maintenance>
      <contact>
    <individualName>
<givenName>Bradford</givenName>          <surName>Hollingsworth</surName>
    </individualName>
<organizationName>San Diego Natural History Museum</organizationName><positionName>Curator of Herpetology</positionName>    <address>
<deliveryPoint>1788 El Prado, Balboa Park</deliveryPoint><city>San Diego</city><administrativeArea>CA</administrativeArea><postalCode>92101</postalCode><country>UNITED_STATES</country>    </address>
<phone>+01 619-255-0277</phone><electronicMailAddress>bhollingsworth@sdnhm.org</electronicMailAddress><onlineUrl>http://www.sdnhm.org/</onlineUrl>      </contact>

</dataset>

<additionalMetadata>
    <metadata>
      <gbif>
        <dateStamp>2022-05-23T19:37:13Z</dateStamp>
      <citation>Hollingsworth B (2018). SDNHM Herpetology Collection. San Diego Natural History Museum. Occurrence dataset https://doi.org/10.15468/tacqs9 accessed via GBIF.org on 2022-05-23.</citation>
      </gbif>
    </metadata>
</additionalMetadata>

</eml:eml>
