<?xml version="1.0" encoding="utf-8"?>
<eml:eml xmlns:eml="eml://ecoinformatics.org/eml-2.1.1" xmlns:xsi="http://www.w3.org/2001/XMLSchema-instance"
         xsi:schemaLocation="eml://ecoinformatics.org/eml-2.1.1 http://rs.gbif.org/schema/eml-gbif-profile/1.1/eml.xsd"
        packageId="88d7437e-f762-11e1-a439-00145eb45e9a"  system="http://gbif.org" scope="system"
  xml:lang="en">

<dataset>
      <alternateIdentifier>10.18165/qmltit</alternateIdentifier>
        <alternateIdentifier>10.15468/agxhzi</alternateIdentifier>
        <alternateIdentifier>http://web.macs.ualberta.ca:8088/ipt/resource?r=uamz-herpetology</alternateIdentifier>
        <alternateIdentifier>88d7437e-f762-11e1-a439-00145eb45e9a</alternateIdentifier>
        <alternateIdentifier>2466</alternateIdentifier>
    <title>University of Alberta Museum of Zoology Amphibian and Reptile Collection (UAMZ)</title>
    <creator>
    <individualName>
          <surName>University of Alberta Museums</surName>
    </individualName>
    <address>
<deliveryPoint>Ring House 1, Museums and Collections Services, University of Alberta</deliveryPoint><city>Edmonton</city><administrativeArea>Alberta</administrativeArea><postalCode>T6G 2E1</postalCode><country>CANADA</country>    </address>
<phone>780-492-5834</phone><electronicMailAddress>museums@ualberta.ca</electronicMailAddress><onlineUrl>http://www.museums.ualberta.ca/</onlineUrl>    </creator>
    <metadataProvider>
    <individualName>
<givenName>Denis</givenName>          <surName>La France</surName>
    </individualName>
<organizationName>University of Alberta Museums</organizationName><positionName>Systems Administrator</positionName>    <address>
<deliveryPoint>Ring House #1, Museums and Collections Services, University of Alberta</deliveryPoint><city>Edmonton</city><administrativeArea>Alberta</administrativeArea><postalCode>T6G 2E1</postalCode><country>CANADA</country>    </address>
<phone>780-492-7958</phone><electronicMailAddress>dlafranc@ualberta.ca</electronicMailAddress><onlineUrl>http://www.museums.ualberta.ca/</onlineUrl>    </metadataProvider>
    <metadataProvider>
    <individualName>
<givenName>Alyssa</givenName>          <surName>Becker-Burns</surName>
    </individualName>
<organizationName>University of Alberta Museums</organizationName><positionName>Assistant Director Collections Management</positionName>    <address>
<deliveryPoint>Ring House 1, Museums and Collections Services, University of Alberta</deliveryPoint><city>Edmonton</city><administrativeArea>Alberta</administrativeArea><postalCode>T6G 2E1</postalCode><country>CANADA</country>    </address>
<phone>492-3871</phone><electronicMailAddress>becker1@ualberta.ca</electronicMailAddress><onlineUrl>http://www.museums.ualberta.ca/</onlineUrl>    </metadataProvider>
    <associatedParty>
    <individualName>
<givenName>Denis</givenName>          <surName>La France</surName>
    </individualName>
<organizationName>University of Alberta Museums</organizationName><positionName>Systems Administrator</positionName>    <address>
<deliveryPoint>Ring House 1, Museums and Collections Services, University of Alberta</deliveryPoint><city>Edmonton</city><administrativeArea>Alberta</administrativeArea><postalCode>T6G 2E1</postalCode><country>CANADA</country>    </address>
<phone>780-492-7958</phone><electronicMailAddress>dlafranc@ualberta.ca</electronicMailAddress><onlineUrl>http://www.museums.ualberta.ca/</onlineUrl>      <userId directory="http://orcid.org/">0000-0001-5083-9662</userId>
    <role>CUSTODIAN_STEWARD</role>
    </associatedParty>
    <associatedParty>
    <individualName>
<givenName>Alyssa</givenName>          <surName>Becker-Burns</surName>
    </individualName>
<organizationName>University of Alberta Museums</organizationName><positionName>Assistant Director Collection Management</positionName>    <address>
<deliveryPoint>Ring House 1, Museums and Collections Services, University of Alberta</deliveryPoint><city>Edmonton</city><administrativeArea>Alberta</administrativeArea><postalCode>T6G 2E1</postalCode><country>CANADA</country>    </address>
<phone>780-492-3871</phone><electronicMailAddress>becker1@ualberta.ca</electronicMailAddress><onlineUrl>http://www.museums.ualberta.ca/</onlineUrl>    <role>CUSTODIAN_STEWARD</role>
    </associatedParty>
    <associatedParty>
    <individualName>
<givenName>Michael</givenName>          <surName>Caldwell</surName>
    </individualName>
<organizationName>University of Alberta</organizationName><positionName>Curator</positionName>    <address>
<deliveryPoint>CW 405, Biological Sciences Bldg., University of Alberta</deliveryPoint><city>Edmonton</city><administrativeArea>Alberta</administrativeArea><postalCode>T6G 2E9</postalCode><country>CANADA</country>    </address>
<phone>780-492-0672</phone><electronicMailAddress>Michael.Caldwell@ualberta.ca</electronicMailAddress><onlineUrl>https://www.ualberta.ca/science/about-us/contact-us/faculty-directory/michael-caldwell</onlineUrl>    <role>CURATOR</role>
    </associatedParty>
      <pubDate>
      2022-05-03
      </pubDate>
    <language>ENGLISH</language>
    <abstract>
        <para>The Amphibian and Reptile Collection is an active teaching and research resource containing approximately 4,000 specimens. It holds the largest collection of preserved reptiles and amphibians from Alberta, as well as many exotic specimens from North America and around the world. The collection has been instrumental in monitoring various reptile and amphibian populations, and has helped University of Alberta researchers take action on the declining Northern Leopard Frogs and Canadian Toad populations.</para>
    </abstract>
        <keywordSet>
              <keyword>Specimen</keyword>
              <keywordThesaurus>GBIF Dataset Subtype Vocabulary: http://rs.gbif.org/vocabulary/gbif/dataset_subtype.xml</keywordThesaurus>
        </keywordSet>
        <keywordSet>
              <keyword>Occurrence</keyword>
              <keywordThesaurus>GBIF Dataset Type Vocabulary: http://rs.gbif.org/vocabulary/gbif/dataset_type.xml</keywordThesaurus>
        </keywordSet>
      <intellectualRights>
        <para>To the extent possible under law, the publisher has waived all rights to these data and has dedicated them to the <ulink url="http://creativecommons.org/publicdomain/zero/1.0/legalcode"><citetitle>Public Domain (CC0 1.0)</citetitle></ulink>. Users may copy, modify, distribute and use the work, including for commercial purposes, without restriction.</para>
      </intellectualRights>
      <distribution scope="document">
          <online>
              <url function="information">https://www.ualberta.ca/museums/museum-collections/marine-invertebrate-and-malacology-collection.html</url>
          </online>
      </distribution>
      <coverage>
            <geographicCoverage>
                  <geographicDescription>Global, North America, Canada, Alberta</geographicDescription>
                  <boundingCoordinates>
                      <westBoundingCoordinate>-180</westBoundingCoordinate>
                      <eastBoundingCoordinate>180</eastBoundingCoordinate>
                      <northBoundingCoordinate>90</northBoundingCoordinate>
                      <southBoundingCoordinate>-90</southBoundingCoordinate>
                  </boundingCoordinates>
            </geographicCoverage>
              <taxonomicCoverage>
                    <generalTaxonomicCoverage>The following taxonomic groups make up &gt;10% of the collection:
Amphibia, Reptilia, Anura, Caudata, Squamata, Ranidae, Bufonidae, Ambystomidae, Hylidae, Colubridae, Rana, Bufo, Ambystoma, Pseudacris, Thamnophis</generalTaxonomicCoverage>
                    <taxonomicClassification>
                          <taxonRankName>Class</taxonRankName>
                        <taxonRankValue>Amphibia</taxonRankValue>
                          <commonName>Amphibians</commonName>
                    </taxonomicClassification>
                    <taxonomicClassification>
                          <taxonRankName>Class</taxonRankName>
                        <taxonRankValue>Reptilia</taxonRankValue>
                          <commonName>Reptiles</commonName>
                    </taxonomicClassification>
                    <taxonomicClassification>
                          <taxonRankName>Order</taxonRankName>
                        <taxonRankValue>Anura</taxonRankValue>
                          <commonName>Frogs</commonName>
                    </taxonomicClassification>
                    <taxonomicClassification>
                          <taxonRankName>Order</taxonRankName>
                        <taxonRankValue>Caudata</taxonRankValue>
                          <commonName>Salamanders</commonName>
                    </taxonomicClassification>
                    <taxonomicClassification>
                          <taxonRankName>Order</taxonRankName>
                        <taxonRankValue>Squamata</taxonRankValue>
                          <commonName>Lizards &amp; Snakes</commonName>
                    </taxonomicClassification>
                    <taxonomicClassification>
                          <taxonRankName>Family</taxonRankName>
                        <taxonRankValue>Ranidae</taxonRankValue>
                          <commonName>True Frogs</commonName>
                    </taxonomicClassification>
                    <taxonomicClassification>
                          <taxonRankName>Family</taxonRankName>
                        <taxonRankValue>Bufonidae</taxonRankValue>
                          <commonName>True Toads</commonName>
                    </taxonomicClassification>
                    <taxonomicClassification>
                          <taxonRankName>Family</taxonRankName>
                        <taxonRankValue>Ambystomidae</taxonRankValue>
                          <commonName>Mole Salamanders</commonName>
                    </taxonomicClassification>
                    <taxonomicClassification>
                          <taxonRankName>Family</taxonRankName>
                        <taxonRankValue>Hylidae</taxonRankValue>
                          <commonName>Tree Frogs &amp; Allies</commonName>
                    </taxonomicClassification>
                    <taxonomicClassification>
                          <taxonRankName>Family</taxonRankName>
                        <taxonRankValue>Colubridae</taxonRankValue>
                    </taxonomicClassification>
                    <taxonomicClassification>
                          <taxonRankName>Genus</taxonRankName>
                        <taxonRankValue>Rana</taxonRankValue>
                          <commonName>Pond/Brown Frogs</commonName>
                    </taxonomicClassification>
                    <taxonomicClassification>
                          <taxonRankName>Genus</taxonRankName>
                        <taxonRankValue>Bufo</taxonRankValue>
                          <commonName>Toads</commonName>
                    </taxonomicClassification>
                    <taxonomicClassification>
                          <taxonRankName>Genus</taxonRankName>
                        <taxonRankValue>Ambystoma</taxonRankValue>
                          <commonName>Mole Salamanders</commonName>
                    </taxonomicClassification>
                    <taxonomicClassification>
                          <taxonRankName>Genus</taxonRankName>
                        <taxonRankValue>Pseudacris</taxonRankValue>
                          <commonName>Chorus Frogs</commonName>
                    </taxonomicClassification>
                    <taxonomicClassification>
                          <taxonRankName>Genus</taxonRankName>
                        <taxonRankValue>Thamnophis</taxonRankValue>
                          <commonName>Garter Snakes</commonName>
                    </taxonomicClassification>
              </taxonomicCoverage>
      </coverage>
      <maintenance>
          <description>
              <para></para>
          </description>
          <maintenanceUpdateFrequency>daily</maintenanceUpdateFrequency>
      </maintenance>
      <contact>
    <individualName>
<givenName>Michael</givenName>          <surName>Caldwell</surName>
    </individualName>
<organizationName>University of Alberta</organizationName><positionName>Curator</positionName>    <address>
<deliveryPoint>CW 405, Biological Sciences Bldg., University of Alberta</deliveryPoint><city>Edmonton</city><administrativeArea>Alberta</administrativeArea><postalCode>T6G 2E9</postalCode><country>CANADA</country>    </address>
<phone>780-492-0672</phone><electronicMailAddress>Michael.Caldwell@ualberta.ca</electronicMailAddress><onlineUrl>https://www.ualberta.ca/science/about-us/contact-us/faculty-directory/michael-caldwell</onlineUrl>      </contact>

</dataset>

<additionalMetadata>
    <metadata>
      <gbif>
        <dateStamp>2022-05-23T19:37:11Z</dateStamp>
      <citation identifier="http://doi.org/10.18165/qmltit">University of Alberta Museums, La France D, Becker-Burns A (2022). University of Alberta Museum of Zoology Amphibian and Reptile Collection (UAMZ). University of Alberta Museums. Occurrence dataset https://doi.org/10.18165/qmltit accessed via GBIF.org on 2022-05-23.</citation>
              <collection>
                <parentCollectionIdentifier>UAM</parentCollectionIdentifier>
                <collectionIdentifier>UAMZ</collectionIdentifier>
                <collectionName>University of Alberta Museum of Zoology Amphibian and Reptile Collection</collectionName>
              </collection>
              <formationPeriod>ca. 1900-current</formationPeriod>
                <specimenPreservationMethod>ALCOHOL</specimenPreservationMethod>
      </gbif>
    </metadata>
</additionalMetadata>

</eml:eml>
