<?xml version="1.0" encoding="utf-8"?>
<eml:eml xmlns:eml="eml://ecoinformatics.org/eml-2.1.1" xmlns:xsi="http://www.w3.org/2001/XMLSchema-instance"
         xsi:schemaLocation="eml://ecoinformatics.org/eml-2.1.1 http://rs.gbif.org/schema/eml-gbif-profile/1.1/eml.xsd"
        packageId="c6b86c40-ff71-4e5e-902c-111f400d0d56"  system="http://gbif.org" scope="system"
  xml:lang="en">

<dataset>
      <alternateIdentifier>10.15468/rs5upd</alternateIdentifier>
    <title>India Biodiversity Portal publication grade dataset</title>
    <associatedParty>
    <individualName>
<givenName>Thomas</givenName>          <surName>Vattakaven</surName>
    </individualName>
<organizationName>Strand Life Sciences</organizationName>    <address>
<deliveryPoint> Kirloskar Business Park, Hebbal</deliveryPoint><city>Bangalore</city><administrativeArea>Karnataka</administrativeArea><postalCode>560024</postalCode><country>INDIA</country>    </address>
<phone>+919591757157</phone><electronicMailAddress>thomas.vee@gmail.com</electronicMailAddress>    <role>TECHNICAL_POINT_OF_CONTACT</role>
    </associatedParty>
    <language>en</language>
    <abstract>
        <para>A dataset comprising all observation data from the India Biodiversity Portal that are evaluated to be of publication grade</para>
    </abstract>
      <intellectualRights>
        <para>This work is licensed under a <ulink url="http://creativecommons.org/licenses/by/4.0/legalcode"><citetitle>Creative Commons Attribution (CC-BY) 4.0 License</citetitle></ulink>.</para>
      </intellectualRights>
      <distribution scope="document">
          <online>
              <url function="information">https://indiabiodiversity.org</url>
          </online>
      </distribution>
      <contact>
    <individualName>
<givenName>Prabhakar</givenName>          <surName>Rajagopal</surName>
    </individualName>
<organizationName>Strand Life Sciences</organizationName>    <address>
<deliveryPoint>Kirloskar Business Park, Hebbal</deliveryPoint><city>Bangalore</city><administrativeArea>Karnataka</administrativeArea><postalCode>560024</postalCode><country>INDIA</country>    </address>
<phone>+919449825650</phone><electronicMailAddress>prabha.prabhakar@gmail.com</electronicMailAddress>      </contact>

</dataset>

<additionalMetadata>
    <metadata>
      <gbif>
        <dateStamp>2022-05-23T19:37:19Z</dateStamp>
      <citation>India Biodiversity Portal. India Biodiversity Portal publication grade dataset. Occurrence dataset https://doi.org/10.15468/rs5upd accessed via GBIF.org on 2022-05-23.</citation>
              <resourceLogoUrl>https://indiabiodiversity.org/next-assets/logo.png</resourceLogoUrl>
      </gbif>
    </metadata>
</additionalMetadata>

</eml:eml>
