<?xml version="1.0" encoding="utf-8"?>
<eml:eml xmlns:eml="eml://ecoinformatics.org/eml-2.1.1" xmlns:xsi="http://www.w3.org/2001/XMLSchema-instance"
         xsi:schemaLocation="eml://ecoinformatics.org/eml-2.1.1 http://rs.gbif.org/schema/eml-gbif-profile/1.1/eml.xsd"
        packageId="d3e6fa33-75a8-481b-bae4-7bafd683da67"  system="http://gbif.org" scope="system"
  xml:lang="en">

<dataset>
      <alternateIdentifier>10.15468/q3cw6r</alternateIdentifier>
        <alternateIdentifier>https://collections.ala.org.au/public/show/dr2289</alternateIdentifier>
        <alternateIdentifier>8a854848-0f03-376a-9925-74a27c278e02</alternateIdentifier>
        <alternateIdentifier>http://collections.ala.org.au/public/show/dr2289</alternateIdentifier>
        <alternateIdentifier>d3e6fa33-75a8-481b-bae4-7bafd683da67</alternateIdentifier>
        <alternateIdentifier>752e0e29-67c8-360b-8d63-77f2f61e2159</alternateIdentifier>
        <alternateIdentifier>e8e0cf62-25a0-3b25-920e-15294a8e9c01</alternateIdentifier>
    <title>Database of Australasian Vertebrate Occurrences</title>
    <creator>
<organizationName>Database of Australasian Vertebrate Occurrences</organizationName>    </creator>
    <creator>
<organizationName>American Museum of Natural History</organizationName>    </creator>
    <creator>
<organizationName>Australian Museum</organizationName>    </creator>
    <creator>
<organizationName>Flinders University</organizationName>    </creator>
    <creator>
<organizationName>Geological Survey of NSW</organizationName>    </creator>
    <creator>
<organizationName>Geological Survey of South Australia</organizationName>    </creator>
    <creator>
<organizationName>James Cook University</organizationName>    </creator>
    <creator>
<organizationName>Museum of Central Australia</organizationName>    </creator>
    <creator>
<organizationName>Museums Victoria</organizationName>    </creator>
    <creator>
<organizationName>Natural History Museum UK</organizationName>    </creator>
    <creator>
<organizationName>Queen Victoria Museum and Art Gallery</organizationName>    </creator>
    <creator>
<organizationName>The Australian National University</organizationName>    </creator>
    <creator>
<organizationName>University of New South Wales</organizationName>    </creator>
    <creator>
<organizationName>Geoscience Australia</organizationName>    </creator>
    <creator>
<organizationName>Field Museum of Natural History</organizationName>    </creator>
    <creator>
<organizationName>Geological Survey of Queensland</organizationName>    </creator>
    <creator>
<organizationName>Hunterian Museum</organizationName>    </creator>
    <creator>
<organizationName>The University of Melbourne</organizationName>    </creator>
    <creator>
<organizationName>Museum and Art Gallery of the Northern Territory</organizationName>    </creator>
    <creator>
<organizationName>Queensland Museum</organizationName>    </creator>
    <creator>
<organizationName>South Australian Museum</organizationName>    </creator>
    <creator>
<organizationName>Texas Memorial Museum</organizationName>    </creator>
    <creator>
<organizationName>University of California Museum of Palaeontology</organizationName>    </creator>
    <creator>
<organizationName>University of Tasmania</organizationName>    </creator>
    <creator>
<organizationName>Western Australian Museum</organizationName>    </creator>
    <creator>
<organizationName>Archer Collection</organizationName>    </creator>
    <creator>
<organizationName>Australian Museum Palaeontology Collection</organizationName>    </creator>
    <creator>
<organizationName>Commonwealth Palaeontological Collection</organizationName>    </creator>
    <creator>
<organizationName>Fossil collection of the Geological Survey of NSW</organizationName>    </creator>
    <creator>
<organizationName>The University of Melbourne, Department of Geology Fossil Collection</organizationName>    </creator>
    <creator>
<organizationName>Queensland Museum Palaeontology</organizationName>    </creator>
    <creator>
<organizationName>American Museum of Natural History Palaeontology Collections</organizationName>    </creator>
    <creator>
<organizationName>ANU Research School of Earth Sciences Geology Collection</organizationName>    </creator>
    <creator>
<organizationName>Field Museum of Natural History Fossils and Minerals Collection</organizationName>    </creator>
    <creator>
<organizationName>Flinders University Vertebrate Palaeontology Collection</organizationName>    </creator>
    <creator>
<organizationName>Fossil collection of the Geological Survey of Queensland</organizationName>    </creator>
    <creator>
<organizationName>Fossil collection of the Geological Survey of South Australia</organizationName>    </creator>
    <creator>
<organizationName>Hunterian Museum Dinosaurs and Fossils Collection</organizationName>    </creator>
    <creator>
<organizationName>James Cook University Fossil Collection</organizationName>    </creator>
    <creator>
<organizationName>Museum and Art Gallery of the Northern Territory Palaeontology Collection</organizationName>    </creator>
    <creator>
<organizationName>Museums Victoria Vertebrate Palaeontology Collection</organizationName>    </creator>
    <creator>
<organizationName>Natural History Museum UK Fossil Vertebrate Collection</organizationName>    </creator>
    <creator>
<organizationName>Queen Victoria Museum and Art Gallery - Geology and Fossil Vertebrates</organizationName>    </creator>
    <creator>
<organizationName>South Australian Museum Palaeontology Collection</organizationName>    </creator>
    <creator>
<organizationName>University of California Museum of Palaeontology Vertebrate Collection</organizationName>    </creator>
    <creator>
<organizationName>Western Australian Museum Fossil Collection</organizationName>    </creator>
    <metadataProvider>
<organizationName>Database of Australasian Vertebrate Occurrences</organizationName>    </metadataProvider>
    <associatedParty>
<organizationName>Atlas of Living Australia</organizationName>    <address>
<deliveryPoint>CSIRO Ecosystems Services</deliveryPoint><city>Canberra</city><administrativeArea>ACT</administrativeArea><postalCode>2601</postalCode><country>AUSTRALIA</country>    </address>
    <role>DISTRIBUTOR</role>
    </associatedParty>
      <pubDate>
      2019-09-26
      </pubDate>
    <language>ENGLISH</language>
    <abstract>
        <para>The Database of Australasian Vertebrate Occurrences (DAVO) is a terrestrial, Cenozoic dataset collated in the 2000s by Dirk Megirian and Gavin Prideaux to develop the Australian Land Mammal Age biochronological scheme (Megirian et al. 2010, Paleobiology), primarily via an exhaustive literature review. Mammals were the main focus of the dataset, but it includes occurrence data for other vertebrates and terrestrial molluscs found in association with vertebrate fossils.</para>
    </abstract>
      <intellectualRights>
        <para>This work is licensed under a <ulink url="http://creativecommons.org/licenses/by/4.0/legalcode"><citetitle>Creative Commons Attribution (CC-BY) 4.0 License</citetitle></ulink>.</para>
      </intellectualRights>
      <distribution scope="document">
          <online>
              <url function="information">https://collections.ala.org.au/public/show/dr2289</url>
          </online>
      </distribution>
      <contact>
    <individualName>
<givenName>Grant</givenName>          <surName>Gully</surName>
    </individualName>
<positionName>editor</positionName><phone>08 8201 2764</phone><electronicMailAddress>grant.gully@flinders.edu.au</electronicMailAddress>      </contact>
      <methods>
      </methods>

</dataset>

<additionalMetadata>
    <metadata>
      <gbif>
        <dateStamp>2022-05-23T19:37:16Z</dateStamp>
      <citation>Flinders University (2019). Database of Australasian Vertebrate Occurrences. Occurrence dataset https://doi.org/10.15468/q3cw6r accessed via GBIF.org on 2022-05-23.</citation>
      </gbif>
    </metadata>
</additionalMetadata>

</eml:eml>
