<?xml version="1.0" encoding="utf-8"?>
<eml:eml xmlns:eml="eml://ecoinformatics.org/eml-2.1.1" xmlns:xsi="http://www.w3.org/2001/XMLSchema-instance"
         xsi:schemaLocation="eml://ecoinformatics.org/eml-2.1.1 http://rs.gbif.org/schema/eml-gbif-profile/1.1/eml.xsd"
        packageId="d5fafa95-7de2-48c0-bf10-3480bcca4a2b"  system="http://gbif.org" scope="system"
  xml:lang="en">

<dataset>
      <alternateIdentifier>10.36102/dwc.3</alternateIdentifier>
        <alternateIdentifier>10.15468/enivwl</alternateIdentifier>
        <alternateIdentifier>http://ipt.vertnet.org:8080/ipt/resource?r=ncsm_herps</alternateIdentifier>
        <alternateIdentifier>http://ipt.vertnet.org:8080/ipt/resource.do?r=ncsm_herps</alternateIdentifier>
        <alternateIdentifier>d5fafa95-7de2-48c0-bf10-3480bcca4a2b</alternateIdentifier>
    <title>NCSM Herpetology Collection</title>
    <creator>
    <individualName>
<givenName>Ben</givenName>          <surName>Norton</surName>
    </individualName>
<organizationName>North Carolina Museum of Natural Sciences</organizationName><positionName>Head of Technology</positionName>    <address>
<deliveryPoint>11 West Jones Street</deliveryPoint><city>Raleigh</city><administrativeArea>NC</administrativeArea><postalCode>27601</postalCode><country>UNITED_STATES</country>    </address>
<phone>919-707-9947</phone><electronicMailAddress>ben.norton@naturalsciences.org</electronicMailAddress><onlineUrl>https://naturalsciences.org/staff/ben-norton</onlineUrl>      <userId directory="https://www.linkedin.com/profile/view?id=">mbnorton</userId>
    </creator>
    <creator>
    <individualName>
<givenName>Bryan</givenName>          <surName>Stuart</surName>
    </individualName>
<organizationName>North Carolina Museum of Natural Sciences</organizationName><positionName>Curator of Herpetology</positionName>    <address>
<deliveryPoint>11 West Jones Street</deliveryPoint><city>Raleigh</city><administrativeArea>NC</administrativeArea><postalCode>27601</postalCode><country>UNITED_STATES</country>    </address>
<phone>919-707-8861</phone><electronicMailAddress>bryan.stuart@naturalsciences.org</electronicMailAddress><onlineUrl>http://www.bryanlstuart.com/</onlineUrl>    </creator>
    <metadataProvider>
    <individualName>
<givenName>Ben</givenName>          <surName>Norton</surName>
    </individualName>
<organizationName>North Carolina Museum of Natural Sciences</organizationName><positionName>Head of Technology</positionName>    <address>
<deliveryPoint>11 West Jones Street</deliveryPoint><city>Raleigh</city><administrativeArea>NC</administrativeArea><postalCode>27601</postalCode><country>UNITED_STATES</country>    </address>
<phone>919-707-9947</phone><electronicMailAddress>ben.norton@naturalsciences.org</electronicMailAddress><onlineUrl>https://naturalsciences.org/staff/ben-norton</onlineUrl>      <userId directory="https://www.linkedin.com/profile/view?id=">mbnorton</userId>
    </metadataProvider>
    <associatedParty>
    <individualName>
<givenName>Bryan</givenName>          <surName>Stuart</surName>
    </individualName>
<organizationName>North Carolina Museum of Natural Sciences</organizationName><positionName>Curator of Herpetology</positionName>    <address>
<deliveryPoint>11 West Jones Street</deliveryPoint><city>Raleigh</city><administrativeArea>NC</administrativeArea><postalCode>27601</postalCode><country>UNITED_STATES</country>    </address>
<phone>919-707-8861</phone><electronicMailAddress>bryan.stuart@naturalsciences.org</electronicMailAddress>    <role>CURATOR</role>
    </associatedParty>
      <pubDate>
      2022-03-21
      </pubDate>
    <language>ENGLISH</language>
    <abstract>
        <para>The North Carolina Museum of Natural Sciences&amp;#39; Amphibians and Reptiles Unit contains approximately 262,000 specimens (81,350&amp;#43; lots), and is one of the largest and most complete regional collections in the United States. Founded in the late 1800s, the collection consists of approximately 80% North Carolina material, although 47 states, 57 countries, and more than 640 species are represented. Other states with substantial representation include California, Delaware, Georgia, Florida, Louisiana, Maryland, New Jersey, New York, South Carolina, Tennessee, Texas, and Virginia. Other countries with substantial representation include Laos, Vietnam, and Gabon, and the international focus of the collection is expanding. Important recent acquisitions include large collections from Duke and Virginia Commonwealth Universities, the University of North Carolina’s Institute of Marine Sciences, and the personal collection of the late E. E. Brown of Davidson College. The collection houses fluid-preserved specimens, skeletons, skins, tissues for molecular analyses, and other materials. Photographic vouchers, field notes, other museums’ records of North Carolina holdings, and specimen data sheets are also maintained as part of the materials documenting these resources.</para>
    </abstract>
        <keywordSet>
              <keyword>Specimen</keyword>
              <keywordThesaurus>GBIF Dataset Subtype Vocabulary: http://rs.gbif.org/vocabulary/gbif/dataset_subtype.xml</keywordThesaurus>
        </keywordSet>
        <keywordSet>
              <keyword>Occurrence</keyword>
              <keywordThesaurus>GBIF Dataset Type Vocabulary: http://rs.gbif.org/vocabulary/gbif/dataset_type.xml</keywordThesaurus>
        </keywordSet>
        <keywordSet>
              <keyword>Occurrence</keyword>
              <keywordThesaurus>GBIF Dataset Type Vocabulary: http://rs.gbif.org/vocabulary/gbif/dataset_type_2015-07-10.xml</keywordThesaurus>
        </keywordSet>
      <additionalInfo>
          <para>http://vertnet.org/resources/norms.html</para>
      </additionalInfo>
      <intellectualRights>
        <para>To the extent possible under law, the publisher has waived all rights to these data and has dedicated them to the <ulink url="http://creativecommons.org/publicdomain/zero/1.0/legalcode"><citetitle>Public Domain (CC0 1.0)</citetitle></ulink>. Users may copy, modify, distribute and use the work, including for commercial purposes, without restriction.</para>
      </intellectualRights>
      <distribution scope="document">
          <online>
              <url function="information">https://collections.naturalsciences.org/search/herpetology</url>
          </online>
      </distribution>
      <coverage>
            <geographicCoverage>
                  <geographicDescription>Coverage spans at least 50 countries across the globe</geographicDescription>
                  <boundingCoordinates>
                      <westBoundingCoordinate>-180</westBoundingCoordinate>
                      <eastBoundingCoordinate>180</eastBoundingCoordinate>
                      <northBoundingCoordinate>90</northBoundingCoordinate>
                      <southBoundingCoordinate>-90</southBoundingCoordinate>
                  </boundingCoordinates>
            </geographicCoverage>
          <temporalCoverage>
            <rangeOfDates>
              <beginDate>
                <calendarDate>      1895-03-30
</calendarDate>
              </beginDate>
              <endDate>
                <calendarDate>      2021-11-16
</calendarDate>
              </endDate>
            </rangeOfDates>
          </temporalCoverage>
              <taxonomicCoverage>
                    <taxonomicClassification>
                          <taxonRankName>Kingdom</taxonRankName>
                        <taxonRankValue>Animalia</taxonRankValue>
                    </taxonomicClassification>
                    <taxonomicClassification>
                          <taxonRankName>Phylum</taxonRankName>
                        <taxonRankValue>Chordata</taxonRankValue>
                    </taxonomicClassification>
                    <taxonomicClassification>
                          <taxonRankName>Class</taxonRankName>
                        <taxonRankValue>Amphibia</taxonRankValue>
                    </taxonomicClassification>
                    <taxonomicClassification>
                          <taxonRankName>Class</taxonRankName>
                        <taxonRankValue>Reptilia</taxonRankValue>
                    </taxonomicClassification>
                    <taxonomicClassification>
                          <taxonRankName>Order</taxonRankName>
                        <taxonRankValue>Amphisbaenia</taxonRankValue>
                    </taxonomicClassification>
                    <taxonomicClassification>
                          <taxonRankName>Order</taxonRankName>
                        <taxonRankValue>Anura</taxonRankValue>
                    </taxonomicClassification>
                    <taxonomicClassification>
                          <taxonRankName>Order</taxonRankName>
                        <taxonRankValue>Caudata</taxonRankValue>
                    </taxonomicClassification>
                    <taxonomicClassification>
                          <taxonRankName>Order</taxonRankName>
                        <taxonRankValue>Crocodylia</taxonRankValue>
                    </taxonomicClassification>
                    <taxonomicClassification>
                          <taxonRankName>Order</taxonRankName>
                        <taxonRankValue>Gymnophiona</taxonRankValue>
                    </taxonomicClassification>
                    <taxonomicClassification>
                          <taxonRankName>Order</taxonRankName>
                        <taxonRankValue>Squamata</taxonRankValue>
                    </taxonomicClassification>
                    <taxonomicClassification>
                          <taxonRankName>Order</taxonRankName>
                        <taxonRankValue>Testudines</taxonRankValue>
                    </taxonomicClassification>
              </taxonomicCoverage>
      </coverage>
      <maintenance>
          <description>
              <para></para>
          </description>
          <maintenanceUpdateFrequency>biannually</maintenanceUpdateFrequency>
      </maintenance>
      <contact>
    <individualName>
<givenName>Bryan</givenName>          <surName>Stuart</surName>
    </individualName>
<organizationName>North Carolina Museum of Natural Sciences</organizationName><positionName>Curator of Herpetology</positionName>    <address>
<deliveryPoint>11 West Jones Street</deliveryPoint><city>Raleigh</city><administrativeArea>NC</administrativeArea><postalCode>27601</postalCode><country>UNITED_STATES</country>    </address>
<phone>919-707-8861</phone><electronicMailAddress>bryan.stuart@naturalsciences.org</electronicMailAddress><onlineUrl>http://www.bryanlstuart.com/</onlineUrl>      </contact>
      <methods>
            <methodStep>
                <description>
                    <para></para>
                </description>
            </methodStep>
      </methods>

</dataset>

<additionalMetadata>
    <metadata>
      <gbif>
        <dateStamp>2022-05-23T19:37:12Z</dateStamp>
      <citation identifier="10.36102/dwc.3">Norton B, Stuart B (2022). NCSM Herpetology Collection. Version 26.11. North Carolina State Museum of Natural Sciences. Occurrence dataset https://doi.org/10.36102/dwc.3 accessed via GBIF.org on 2022-05-23.</citation>
              <collection>
                <parentCollectionIdentifier>Not applicable</parentCollectionIdentifier>
                <collectionIdentifier>NCSM-Herp</collectionIdentifier>
                <collectionName>Herpetology Collection of the North Carolina Museum of Natural Sciences</collectionName>
              </collection>
      </gbif>
    </metadata>
</additionalMetadata>

</eml:eml>
