<?xml version="1.0" encoding="utf-8"?>
<eml:eml xmlns:eml="eml://ecoinformatics.org/eml-2.1.1" xmlns:xsi="http://www.w3.org/2001/XMLSchema-instance"
         xsi:schemaLocation="eml://ecoinformatics.org/eml-2.1.1 http://rs.gbif.org/schema/eml-gbif-profile/1.1/eml.xsd"
        packageId="e1beb83c-9b83-4d17-ac5e-d24e09507ec5"  system="http://gbif.org" scope="system"
  xml:lang="en">

<dataset>
      <alternateIdentifier>10.15468/9ll2gz</alternateIdentifier>
    <title>BoBO - Botanic Garden and Botanical Museum Berlin Observations</title>
    <associatedParty>
    <individualName>
          <surName>Gabi Droege</surName>
    </individualName>
    <address>
<deliveryPoint>Botanic Garden and Botanical Museum Berlin, Königin-Luise-Str. 6-8, 14195 Berlin, Germany</deliveryPoint>    </address>
<electronicMailAddress>g.droege@bgbm.org</electronicMailAddress>    <role>TECHNICAL_POINT_OF_CONTACT</role>
    </associatedParty>
      <pubDate>
      2019-01-01
      </pubDate>
    <language>en</language>
    <abstract>
        <para>BoBO aims at providing biodiversity observation data to GBIF via BioCASE for re-use in scientific research and virtual research environments such as the EDIT platform for cybertaxonomy. The database Specimen Tool was developed within the context of the DNA Bank Network at BGBM. This dataset contains observations accompanied by geo references and multimedia files as proof or references to multimedia files, identified by natural persons. The dataset is fully referenced and all contributors are acknowledged. Multimedia files are licensed under Creative Commons unless otherwise indicated.</para>
    </abstract>
      <intellectualRights>
        <para>To the extent possible under law, the publisher has waived all rights to these data and has dedicated them to the <ulink url="http://creativecommons.org/publicdomain/zero/1.0/legalcode"><citetitle>Public Domain (CC0 1.0)</citetitle></ulink>. Users may copy, modify, distribute and use the work, including for commercial purposes, without restriction.</para>
      </intellectualRights>
      <distribution scope="document">
          <online>
              <url function="information">http://www.dnabank-network.org/bobo</url>
          </online>
      </distribution>
      <contact>
    <individualName>
          <surName>Gabi Droege, Wolf-Henning Kusber</surName>
    </individualName>
    <address>
<deliveryPoint>Botanic Garden and Botanical Museum Berlin, Königin-Luise-Str. 6-8, 14195 Berlin, Germany</deliveryPoint>    </address>
<electronicMailAddress>g.droege@bgbm.org; w.h.kusber@bgbm.org</electronicMailAddress>      </contact>

</dataset>

<additionalMetadata>
    <metadata>
      <gbif>
        <dateStamp>2022-05-23T19:37:13Z</dateStamp>
      <citation>Botanic Garden and Botanical Museum Berlin (2019). BoBO - Botanic Garden and Botanical Museum Berlin Observations. Occurrence dataset https://doi.org/10.15468/9ll2gz accessed via GBIF.org on 2022-05-23.</citation>
      </gbif>
    </metadata>
</additionalMetadata>

</eml:eml>
