<?xml version="1.0" encoding="utf-8"?>
<eml:eml xmlns:eml="eml://ecoinformatics.org/eml-2.1.1" xmlns:xsi="http://www.w3.org/2001/XMLSchema-instance"
         xsi:schemaLocation="eml://ecoinformatics.org/eml-2.1.1 http://rs.gbif.org/schema/eml-gbif-profile/1.1/eml.xsd"
        packageId="e774b35d-60af-4063-9f40-b22695a1e3dc"  system="http://gbif.org" scope="system"
  xml:lang="en">

<dataset>
      <alternateIdentifier>10.15468/vqjymb</alternateIdentifier>
        <alternateIdentifier>https://collections.ala.org.au/public/show/dr6470</alternateIdentifier>
        <alternateIdentifier>3517850f-2958-3f4c-bcf9-0799853205ce</alternateIdentifier>
        <alternateIdentifier>http://collections.ala.org.au/public/show/dr6470</alternateIdentifier>
        <alternateIdentifier>e774b35d-60af-4063-9f40-b22695a1e3dc</alternateIdentifier>
        <alternateIdentifier>fcaa18f4-69f5-3b40-beeb-2c336ca5255e</alternateIdentifier>
        <alternateIdentifier>1eee0b49-1296-3d78-8c5d-5f3fe85cb0f2</alternateIdentifier>
    <title>Tracking saltwater crocodiles on the Wenlock River, Cape York, Queensland, Australia 2012_13</title>
    <creator>
<organizationName>Animal Movement data via ZoaTrack</organizationName>    </creator>
    <metadataProvider>
<organizationName>Animal Movement data via ZoaTrack</organizationName>    </metadataProvider>
    <associatedParty>
<organizationName>Atlas of Living Australia</organizationName>    <address>
<deliveryPoint>CSIRO Ecosystems Services</deliveryPoint><city>Canberra</city><administrativeArea>ACT</administrativeArea><postalCode>2601</postalCode><country>AUSTRALIA</country>    </address>
    <role>DISTRIBUTOR</role>
    </associatedParty>
      <pubDate>
      2019-09-26
      </pubDate>
    <language>ENGLISH</language>
    <abstract>
        <para>Tracking data from wild estuarine crocodiles tagged with Telonics GPS/Argos devices in August 2012- late 2013.</para>
    </abstract>
      <intellectualRights>
        <para>This work is licensed under a <ulink url="http://creativecommons.org/licenses/by/4.0/legalcode"><citetitle>Creative Commons Attribution (CC-BY) 4.0 License</citetitle></ulink>.</para>
      </intellectualRights>
      <distribution scope="document">
          <online>
              <url function="information">https://collections.ala.org.au/public/show/dr6470</url>
          </online>
      </distribution>
      <contact>
    <individualName>
<givenName>Peggy</givenName>          <surName>Newman</surName>
    </individualName>
<positionName>editor</positionName><electronicMailAddress>admin@zoatrack.org</electronicMailAddress>      </contact>
      <methods>
      </methods>

</dataset>

<additionalMetadata>
    <metadata>
      <gbif>
        <dateStamp>2022-05-23T19:37:15Z</dateStamp>
      <citation>The University of Queensland (2019). Tracking saltwater crocodiles on the Wenlock River, Cape York, Queensland, Australia 2012_13. Occurrence dataset https://doi.org/10.15468/vqjymb accessed via GBIF.org on 2022-05-23.</citation>
              <resourceLogoUrl>https://collections.ala.org.au/data/dataProvider/zoatrack_logo.png</resourceLogoUrl>
      </gbif>
    </metadata>
</additionalMetadata>

</eml:eml>
