<?xml version="1.0" encoding="utf-8"?>
<eml:eml xmlns:eml="eml://ecoinformatics.org/eml-2.1.1" xmlns:xsi="http://www.w3.org/2001/XMLSchema-instance"
         xsi:schemaLocation="eml://ecoinformatics.org/eml-2.1.1 http://rs.gbif.org/schema/eml-gbif-profile/1.1/eml.xsd"
        packageId="e9e6abed-f507-497c-aa34-29b05227f4e8"  system="http://gbif.org" scope="system"
  xml:lang="en">

<dataset>
      <alternateIdentifier>10.15468/vx22wo</alternateIdentifier>
        <alternateIdentifier>http://ipt.vertnet.org:8080/ipt/resource?r=nbmb_herps</alternateIdentifier>
    <title>NBMB Herps</title>
    <creator>
    <individualName>
<givenName>Mary</givenName>          <surName>Sollows</surName>
    </individualName>
<organizationName>New Brunswick Museum</organizationName><positionName>Collections Manager</positionName>    <address>
<deliveryPoint>277 Douglas Ave</deliveryPoint><city>Saint John</city><administrativeArea>NB</administrativeArea><postalCode>E2K 1E5</postalCode><country>CANADA</country>    </address>
<electronicMailAddress>Mary.Sollows@nbm-mnb.ca</electronicMailAddress><onlineUrl>http://www.nbm-mnb.ca/index.php</onlineUrl>    </creator>
    <creator>
    <individualName>
<givenName>Greg</givenName>          <surName>Jongsma</surName>
    </individualName>
<organizationName>New Brunswick Museum</organizationName><positionName>Curatorial Assistant</positionName>    <address>
<deliveryPoint>277 Douglas Ave</deliveryPoint><city>Saint John</city><administrativeArea>NB</administrativeArea><postalCode>E2K 1E5</postalCode><country>CANADA</country>    </address>
<electronicMailAddress>gregor.jongsma@gmail.com</electronicMailAddress><onlineUrl>http://www.nbm-mnb.ca/index.php</onlineUrl>    </creator>
    <metadataProvider>
    <individualName>
<givenName>Donald</givenName>          <surName>McAlpine</surName>
    </individualName>
<organizationName>New Brunswick Museum</organizationName><positionName>Curator</positionName>    <address>
<deliveryPoint>277 Douglas Ave</deliveryPoint><city>Saint John</city><administrativeArea>NB</administrativeArea><postalCode>E2K 1E5</postalCode><country>CANADA</country>    </address>
<electronicMailAddress>Donald.McAlpine@nbm-mnb.ca</electronicMailAddress><onlineUrl>http://www.nbm-mnb.ca/index.php</onlineUrl>    </metadataProvider>
    <associatedParty>
    <individualName>
<givenName>Donald</givenName>          <surName>McAlpine</surName>
    </individualName>
<organizationName>New Brunswick Museum</organizationName><positionName>Chair, Department of Natural Science</positionName>    <address>
<deliveryPoint>277 Douglas Ave</deliveryPoint><city>Saint John</city><administrativeArea>New Brunswick</administrativeArea><postalCode>E2K 1E5</postalCode><country>CANADA</country>    </address>
<phone>506.643.2345</phone><electronicMailAddress>Donald.McAlpine@nbm-mnb.ca</electronicMailAddress><onlineUrl>http://www.nbm-mnb.ca/index.php/collections-a-research-56/archives-a-research-library/collections</onlineUrl>    <role>CURATOR</role>
    </associatedParty>
    <associatedParty>
    <individualName>
<givenName>David</givenName>          <surName>Bloom</surName>
    </individualName>
<organizationName>VertNet</organizationName><positionName>Vertnet Coordinator</positionName><electronicMailAddress>dbloom@vertnet.org</electronicMailAddress><onlineUrl>http://vertnet.org/</onlineUrl>    <role>PROGRAMMER</role>
    </associatedParty>
    <associatedParty>
    <individualName>
<givenName>David</givenName>          <surName>Bloom</surName>
    </individualName>
<organizationName>VertNet</organizationName><positionName>VertNet Programmer</positionName><electronicMailAddress>dbloom@vertnet.org</electronicMailAddress><onlineUrl>http://vertnet.org</onlineUrl>    <role>PROGRAMMER</role>
    </associatedParty>
    <associatedParty>
    <individualName>
<givenName>John</givenName>          <surName>Wieczorek</surName>
    </individualName>
<organizationName>VertNet</organizationName><positionName>Information Architect</positionName><electronicMailAddress>tuco@berkeley.edu</electronicMailAddress><onlineUrl>http://vertnet.org</onlineUrl>    <role>PROGRAMMER</role>
    </associatedParty>
      <pubDate>
      2017-03-27
      </pubDate>
    <language>ENGLISH</language>
    <abstract>
        <para>The NBM zoological collections are a series of scientific research collections that document the diversity of the fauna of New Brunswick and northeastern North America.  Significant portions of the collections date to the late 19th century, a testament to the  research endeavors of a handful of  dedicated New Brunswick natural scientists, many associated with the New Brunswick Natural History Society (1862-1932). There are eight separate zoological collections as follows; Invertebrates (exclusive of insects and molluscs), Insects, Molluscs, Fish, Fish Scales, Amphibians and Reptiles, Birds, and Mammals.</para>
    </abstract>
        <keywordSet>
              <keyword>Occurrence</keyword>
              <keywordThesaurus>GBIF Dataset Type Vocabulary: http://rs.gbif.org/vocabulary/gbif/dataset_type.xml</keywordThesaurus>
        </keywordSet>
        <keywordSet>
              <keyword>Specimen</keyword>
              <keywordThesaurus>GBIF Dataset Subtype Vocabulary: http://rs.gbif.org/vocabulary/gbif/dataset_subtype.xml</keywordThesaurus>
        </keywordSet>
      <intellectualRights>
        <para>To the extent possible under law, the publisher has waived all rights to these data and has dedicated them to the <ulink url="http://creativecommons.org/publicdomain/zero/1.0/legalcode"><citetitle>Public Domain (CC0 1.0)</citetitle></ulink>. Users may copy, modify, distribute and use the work, including for commercial purposes, without restriction.</para>
      </intellectualRights>
      <distribution scope="document">
          <online>
              <url function="information">http://www.nbm-mnb.ca/index.php/collections-a-research-56/archives-a-research-library/collections</url>
          </online>
      </distribution>
      <coverage>
            <geographicCoverage>
                  <geographicDescription>The NBM zoological collections are a series of scientific research collections that document the diversity of the fauna of New Brunswick and northeastern North America. 

The NBM Herp collections has specimens from 24 countries around the globe but its strength lies in eastern North America. The NBM Herp collection has been steadily growing its tissue collections since 2012 and now houses over 500 tissue samples with associated vouchered specimens.</geographicDescription>
                  <boundingCoordinates>
                      <westBoundingCoordinate>-180</westBoundingCoordinate>
                      <eastBoundingCoordinate>180</eastBoundingCoordinate>
                      <northBoundingCoordinate>90</northBoundingCoordinate>
                      <southBoundingCoordinate>-90</southBoundingCoordinate>
                  </boundingCoordinates>
            </geographicCoverage>
          <temporalCoverage>
            <rangeOfDates>
              <beginDate>
                <calendarDate>      1950
</calendarDate>
              </beginDate>
              <endDate>
                <calendarDate>      2016
</calendarDate>
              </endDate>
            </rangeOfDates>
          </temporalCoverage>
              <taxonomicCoverage>
                    <generalTaxonomicCoverage>The NBM Herp collections has 38 families / 90 genera / 129 species of amphibians and reptiles.</generalTaxonomicCoverage>
                    <taxonomicClassification>
                          <taxonRankName>Class</taxonRankName>
                        <taxonRankValue>Amphibia</taxonRankValue>
                    </taxonomicClassification>
                    <taxonomicClassification>
                          <taxonRankName>Class</taxonRankName>
                        <taxonRankValue>Reptilia</taxonRankValue>
                    </taxonomicClassification>
              </taxonomicCoverage>
      </coverage>
      <maintenance>
          <description>
              <para></para>
          </description>
          <maintenanceUpdateFrequency>asNeeded</maintenanceUpdateFrequency>
      </maintenance>
      <contact>
    <individualName>
<givenName>Donald</givenName>          <surName>McAlpine</surName>
    </individualName>
<organizationName>New Brunswick Museum</organizationName><positionName>Curator</positionName>    <address>
<deliveryPoint>277 Douglas Ave</deliveryPoint><city>Saint John</city><administrativeArea>NB</administrativeArea><postalCode>E2K 1E5</postalCode><country>CANADA</country>    </address>
<electronicMailAddress>Donald.McAlpine@nbm-mnb.ca</electronicMailAddress><onlineUrl>http://www.nbm-mnb.ca/index.php</onlineUrl>      </contact>
      <contact>
    <individualName>
<givenName>Mary</givenName>          <surName>Sollows</surName>
    </individualName>
<organizationName>New Brunswick Museum</organizationName><positionName>Collections Manager</positionName>    <address>
<deliveryPoint>277 Douglas Ave</deliveryPoint><city>Saint John</city><administrativeArea>NB</administrativeArea><postalCode>E2K 1E5</postalCode><country>CANADA</country>    </address>
<electronicMailAddress>Mary.Sollows@nbm-mnb.ca</electronicMailAddress><onlineUrl>http://www.nbm-mnb.ca/index.php</onlineUrl>      </contact>
      <contact>
    <individualName>
<givenName>Greg</givenName>          <surName>Jongsma</surName>
    </individualName>
<organizationName>New Brunswick Museum</organizationName><positionName>Curatorial Assistant</positionName>    <address>
<deliveryPoint>277 Douglas Ave</deliveryPoint><city>Saint John</city><administrativeArea>NB</administrativeArea><postalCode>E2K 1E5</postalCode><country>CANADA</country>    </address>
<electronicMailAddress>gregor.jongsma@gmail.com</electronicMailAddress><onlineUrl>http://www.nbm-mnb.ca/index.php</onlineUrl>      </contact>
      <methods>
            <methodStep>
                <description>
                    <para></para>
                </description>
            </methodStep>
      </methods>

      <project >
          <title>NBM Herpetology</title>
          <personnel>
    <individualName>
<givenName>Greg</givenName>          <surName>Jongsma</surName>
    </individualName>
      <userId directory="http://scholar.google.com/citations?user=">Gregory Jongsma</userId>
    <role>ORIGINATOR</role>
          </personnel>
          <abstract>
              <para></para>
          </abstract>
          <funding>
              <para></para>
          </funding>
      </project>
</dataset>

<additionalMetadata>
    <metadata>
      <gbif>
        <dateStamp>2022-05-23T19:37:14Z</dateStamp>
      <citation>Sollows M, Jongsma G, McAlpine D (2017). NBMB Herps. New Brunswick Museum. Occurrence dataset https://doi.org/10.15468/vx22wo accessed via GBIF.org on 2022-05-23.</citation>
      </gbif>
    </metadata>
</additionalMetadata>

</eml:eml>
